,0,1,2,3,4,5,6,7,8,9,10,11,12,13,14,15,16,17,18,19,20,21,22,23,24,25,26,27,28
0,19.0,1.0,22.0,1.0,4.0,0.0,1.0,3.0,1.0,3.0,0.0,0.0,1.0,1675.0,1.0,0.0,1.0,19.0,3.0,4.0,80.0,0.0,0.0,2.0,2.0,0.0,0.0,0.0,0.0
1,34.0,1.0,19.0,3.0,1.0,0.0,1.0,4.0,2.0,4.0,0.0,0.0,1.0,5304.0,8.0,0.0,1.0,13.0,3.0,2.0,80.0,0.0,9.0,3.0,2.0,5.0,2.0,0.0,4.0
2,29.0,1.0,24.0,2.0,4.0,0.0,1.0,2.0,1.0,4.0,0.0,0.0,1.0,2439.0,1.0,0.0,1.0,24.0,4.0,2.0,80.0,0.0,1.0,3.0,2.0,1.0,0.0,1.0,0.0
3,32.0,1.0,7.0,2.0,4.0,0.0,1.0,3.0,2.0,3.0,0.0,1.0,0.0,4883.0,1.0,1.0,0.0,18.0,3.0,1.0,80.0,1.0,10.0,3.0,3.0,10.0,4.0,1.0,1.0
4,20.0,1.0,10.0,1.0,4.0,0.0,1.0,3.0,1.0,3.0,0.0,0.0,1.0,1009.0,1.0,0.0,1.0,11.0,3.0,4.0,80.0,0.0,1.0,5.0,3.0,1.0,0.0,1.0,1.0
5,26.0,1.0,17.0,4.0,2.0,1.0,0.0,3.0,1.0,3.0,1.0,0.0,0.0,2741.0,0.0,0.0,1.0,11.0,3.0,2.0,80.0,1.0,8.0,2.0,2.0,7.0,7.0,1.0,0.0
6,31.0,1.0,20.0,3.0,2.0,1.0,0.0,1.0,2.0,3.0,0.0,1.0,0.0,4559.0,3.0,0.0,1.0,11.0,3.0,3.0,80.0,1.0,4.0,2.0,3.0,2.0,2.0,2.0,2.0
7,31.0,1.0,8.0,3.0,1.0,1.0,0.0,2.0,1.0,2.0,0.0,0.0,1.0,1261.0,1.0,1.0,0.0,12.0,3.0,3.0,80.0,0.0,1.0,3.0,4.0,1.0,0.0,0.0,0.0
8,46.0,1.0,9.0,2.0,3.0,0.0,1.0,2.0,3.0,4.0,0.0,0.0,1.0,9619.0,1.0,1.0,0.0,16.0,3.0,4.0,80.0,0.0,9.0,3.0,3.0,9.0,8.0,4.0,7.0
9,28.0,1.0,2.0,4.0,1.0,0.0,1.0,1.0,1.0,4.0,0.0,1.0,0.0,3464.0,5.0,0.0,1.0,13.0,3.0,4.0,80.0,0.0,5.0,4.0,2.0,3.0,2.0,2.0,2.0
10,22.0,1.0,4.0,1.0,3.0,0.0,1.0,2.0,1.0,3.0,0.0,0.0,1.0,3894.0,5.0,1.0,0.0,16.0,3.0,3.0,80.0,0.0,4.0,3.0,3.0,2.0,2.0,1.0,2.0
11,23.0,1.0,7.0,3.0,3.0,0.0,1.0,3.0,1.0,4.0,1.0,0.0,0.0,2275.0,1.0,0.0,1.0,21.0,4.0,2.0,80.0,1.0,3.0,2.0,3.0,3.0,2.0,0.0,2.0
12,29.0,1.0,23.0,1.0,4.0,1.0,0.0,2.0,3.0,1.0,0.0,1.0,0.0,7336.0,1.0,1.0,0.0,13.0,3.0,1.0,80.0,1.0,11.0,3.0,1.0,11.0,8.0,3.0,10.0
13,24.0,1.0,3.0,2.0,1.0,1.0,0.0,3.0,2.0,3.0,0.0,0.0,1.0,4577.0,9.0,1.0,0.0,14.0,3.0,1.0,80.0,0.0,4.0,3.0,3.0,2.0,2.0,2.0,0.0
14,42.0,1.0,19.0,3.0,3.0,0.0,1.0,4.0,1.0,3.0,1.0,0.0,0.0,2759.0,6.0,0.0,1.0,12.0,3.0,4.0,80.0,0.0,7.0,2.0,3.0,2.0,2.0,2.0,2.0
15,23.0,1.0,9.0,3.0,4.0,0.0,1.0,3.0,1.0,1.0,0.0,1.0,0.0,1790.0,1.0,1.0,0.0,19.0,3.0,1.0,80.0,1.0,1.0,3.0,2.0,1.0,0.0,1.0,0.0
16,58.0,1.0,7.0,4.0,3.0,1.0,0.0,2.0,3.0,1.0,0.0,1.0,0.0,10008.0,7.0,0.0,1.0,14.0,3.0,4.0,80.0,0.0,31.0,0.0,2.0,10.0,9.0,5.0,9.0
17,28.0,1.0,2.0,4.0,3.0,0.0,1.0,3.0,1.0,3.0,0.0,0.0,1.0,4382.0,6.0,1.0,0.0,17.0,3.0,4.0,80.0,0.0,5.0,3.0,2.0,2.0,2.0,2.0,1.0
18,31.0,1.0,29.0,2.0,3.0,0.0,1.0,2.0,1.0,2.0,0.0,0.0,1.0,3479.0,0.0,1.0,0.0,11.0,3.0,2.0,80.0,0.0,6.0,2.0,4.0,5.0,4.0,1.0,4.0
19,19.0,1.0,2.0,2.0,1.0,0.0,1.0,2.0,1.0,4.0,0.0,0.0,1.0,2564.0,1.0,1.0,0.0,12.0,3.0,3.0,80.0,0.0,1.0,3.0,4.0,1.0,0.0,0.0,0.0
20,33.0,1.0,9.0,4.0,1.0,1.0,0.0,3.0,2.0,1.0,0.0,0.0,1.0,8224.0,0.0,0.0,1.0,17.0,3.0,1.0,80.0,0.0,6.0,3.0,3.0,5.0,2.0,0.0,3.0
21,35.0,1.0,2.0,3.0,1.0,1.0,0.0,3.0,1.0,1.0,1.0,0.0,0.0,2074.0,1.0,0.0,1.0,12.0,3.0,4.0,80.0,1.0,1.0,2.0,3.0,1.0,0.0,0.0,0.0
22,35.0,1.0,12.0,4.0,4.0,0.0,1.0,3.0,2.0,4.0,0.0,0.0,1.0,4581.0,3.0,0.0,1.0,24.0,4.0,1.0,80.0,0.0,13.0,2.0,4.0,11.0,9.0,6.0,7.0
23,28.0,1.0,13.0,2.0,4.0,1.0,0.0,3.0,2.0,3.0,0.0,0.0,1.0,9854.0,3.0,0.0,1.0,11.0,3.0,4.0,80.0,0.0,6.0,0.0,3.0,2.0,0.0,2.0,2.0
24,49.0,1.0,11.0,3.0,3.0,1.0,0.0,3.0,3.0,4.0,0.0,1.0,0.0,7654.0,1.0,1.0,0.0,18.0,3.0,1.0,80.0,2.0,9.0,3.0,4.0,9.0,8.0,7.0,7.0
25,47.0,1.0,27.0,2.0,2.0,1.0,0.0,4.0,2.0,3.0,0.0,0.0,1.0,6397.0,4.0,0.0,1.0,12.0,3.0,4.0,80.0,0.0,8.0,2.0,3.0,5.0,4.0,1.0,3.0
26,31.0,1.0,3.0,3.0,4.0,1.0,0.0,3.0,1.0,3.0,0.0,0.0,1.0,4084.0,1.0,1.0,0.0,12.0,3.0,1.0,80.0,0.0,7.0,2.0,1.0,7.0,2.0,7.0,7.0
27,28.0,1.0,24.0,2.0,2.0,0.0,1.0,2.0,3.0,1.0,0.0,0.0,1.0,8722.0,1.0,1.0,0.0,12.0,3.0,1.0,80.0,0.0,10.0,2.0,2.0,10.0,7.0,1.0,9.0
28,26.0,1.0,25.0,3.0,1.0,0.0,1.0,1.0,1.0,3.0,0.0,0.0,1.0,2293.0,1.0,1.0,0.0,12.0,3.0,3.0,80.0,0.0,1.0,2.0,2.0,1.0,0.0,0.0,1.0
29,25.0,1.0,3.0,3.0,1.0,0.0,1.0,3.0,1.0,1.0,0.0,1.0,0.0,4031.0,5.0,1.0,0.0,13.0,3.0,3.0,80.0,1.0,6.0,5.0,3.0,2.0,2.0,0.0,2.0
30,49.0,1.0,28.0,2.0,1.0,0.0,1.0,2.0,2.0,1.0,0.0,0.0,1.0,4284.0,3.0,1.0,0.0,20.0,4.0,1.0,80.0,0.0,20.0,2.0,3.0,4.0,3.0,1.0,3.0
31,26.0,1.0,29.0,2.0,2.0,0.0,1.0,1.0,2.0,1.0,0.0,0.0,1.0,4969.0,8.0,1.0,0.0,18.0,3.0,4.0,80.0,0.0,7.0,6.0,3.0,2.0,2.0,2.0,2.0
32,30.0,1.0,8.0,3.0,3.0,1.0,0.0,2.0,1.0,4.0,1.0,0.0,0.0,2180.0,6.0,1.0,0.0,11.0,3.0,3.0,80.0,1.0,6.0,0.0,2.0,4.0,2.0,1.0,2.0
33,38.0,1.0,2.0,3.0,3.0,0.0,1.0,3.0,2.0,2.0,0.0,1.0,0.0,4855.0,4.0,1.0,0.0,11.0,3.0,1.0,80.0,2.0,7.0,2.0,3.0,5.0,2.0,1.0,4.0
34,22.0,1.0,7.0,1.0,4.0,0.0,1.0,3.0,1.0,2.0,0.0,0.0,1.0,2472.0,1.0,0.0,1.0,23.0,4.0,1.0,80.0,0.0,1.0,2.0,3.0,1.0,0.0,0.0,0.0
35,26.0,1.0,2.0,3.0,1.0,0.0,1.0,3.0,1.0,1.0,0.0,1.0,0.0,2042.0,6.0,0.0,1.0,14.0,3.0,2.0,80.0,1.0,6.0,2.0,3.0,3.0,2.0,1.0,2.0
36,37.0,0.0,3.0,3.0,4.0,1.0,0.0,3.0,2.0,2.0,0.0,0.0,1.0,4107.0,3.0,1.0,0.0,15.0,3.0,1.0,80.0,0.0,8.0,3.0,2.0,4.0,3.0,0.0,1.0
37,26.0,0.0,4.0,2.0,3.0,0.0,1.0,3.0,1.0,4.0,0.0,0.0,1.0,2875.0,1.0,0.0,1.0,20.0,4.0,2.0,80.0,0.0,8.0,2.0,2.0,8.0,5.0,2.0,2.0
38,31.0,0.0,1.0,4.0,3.0,0.0,1.0,1.0,2.0,3.0,0.0,1.0,0.0,4345.0,0.0,1.0,0.0,12.0,3.0,4.0,80.0,1.0,6.0,2.0,3.0,5.0,4.0,1.0,4.0
39,43.0,0.0,14.0,2.0,2.0,0.0,1.0,3.0,4.0,1.0,0.0,1.0,0.0,17159.0,6.0,1.0,0.0,24.0,4.0,3.0,80.0,1.0,22.0,3.0,3.0,4.0,1.0,1.0,0.0
40,42.0,0.0,2.0,3.0,3.0,0.0,1.0,2.0,1.0,2.0,0.0,1.0,0.0,4841.0,4.0,1.0,0.0,14.0,3.0,2.0,80.0,1.0,4.0,3.0,3.0,1.0,0.0,0.0,0.0
41,32.0,0.0,7.0,3.0,2.0,0.0,1.0,4.0,1.0,2.0,0.0,1.0,0.0,2794.0,1.0,1.0,0.0,20.0,4.0,3.0,80.0,0.0,5.0,3.0,1.0,5.0,1.0,0.0,3.0
42,29.0,0.0,1.0,3.0,4.0,1.0,0.0,2.0,4.0,4.0,1.0,0.0,0.0,16124.0,3.0,1.0,0.0,14.0,3.0,2.0,80.0,2.0,9.0,2.0,2.0,7.0,7.0,1.0,7.0
43,27.0,0.0,4.0,2.0,1.0,0.0,1.0,3.0,1.0,3.0,1.0,0.0,0.0,2517.0,1.0,1.0,0.0,11.0,3.0,2.0,80.0,3.0,5.0,2.0,3.0,5.0,3.0,0.0,3.0
44,34.0,0.0,2.0,4.0,4.0,0.0,1.0,4.0,1.0,4.0,0.0,1.0,0.0,2932.0,0.0,0.0,1.0,14.0,3.0,1.0,80.0,3.0,6.0,3.0,3.0,5.0,0.0,1.0,2.0
45,27.0,0.0,6.0,4.0,1.0,1.0,0.0,2.0,1.0,3.0,1.0,0.0,0.0,2187.0,0.0,1.0,0.0,12.0,3.0,3.0,80.0,2.0,6.0,5.0,2.0,5.0,3.0,0.0,3.0
46,52.0,0.0,7.0,4.0,2.0,0.0,1.0,3.0,3.0,2.0,0.0,0.0,1.0,10445.0,7.0,1.0,0.0,19.0,3.0,4.0,80.0,0.0,18.0,4.0,3.0,8.0,6.0,4.0,0.0
47,33.0,0.0,1.0,3.0,1.0,0.0,1.0,4.0,2.0,1.0,1.0,0.0,0.0,4037.0,1.0,1.0,0.0,22.0,4.0,1.0,80.0,1.0,9.0,5.0,3.0,9.0,8.0,0.0,8.0
48,24.0,0.0,17.0,1.0,4.0,1.0,0.0,2.0,2.0,3.0,1.0,0.0,0.0,4377.0,1.0,1.0,0.0,15.0,3.0,2.0,80.0,2.0,5.0,6.0,3.0,4.0,2.0,3.0,2.0
49,50.0,0.0,2.0,3.0,4.0,1.0,0.0,3.0,4.0,1.0,0.0,1.0,0.0,17856.0,2.0,1.0,0.0,22.0,4.0,3.0,80.0,1.0,32.0,3.0,3.0,2.0,2.0,2.0,2.0
50,38.0,0.0,10.0,4.0,3.0,0.0,1.0,2.0,3.0,3.0,1.0,0.0,0.0,8740.0,0.0,0.0,1.0,14.0,3.0,2.0,80.0,2.0,9.0,2.0,3.0,8.0,7.0,2.0,7.0
51,37.0,0.0,1.0,2.0,3.0,1.0,0.0,2.0,1.0,1.0,0.0,1.0,0.0,3920.0,2.0,1.0,0.0,14.0,3.0,1.0,80.0,1.0,17.0,2.0,2.0,3.0,1.0,0.0,2.0
52,26.0,0.0,10.0,3.0,3.0,0.0,1.0,3.0,2.0,4.0,0.0,0.0,1.0,4684.0,1.0,1.0,0.0,13.0,3.0,1.0,80.0,0.0,5.0,4.0,3.0,5.0,3.0,1.0,2.0
53,36.0,0.0,6.0,3.0,2.0,1.0,0.0,4.0,1.0,4.0,0.0,1.0,0.0,3038.0,3.0,1.0,0.0,12.0,3.0,2.0,80.0,0.0,5.0,3.0,3.0,1.0,0.0,0.0,0.0
54,24.0,0.0,1.0,2.0,2.0,0.0,1.0,2.0,2.0,3.0,0.0,0.0,1.0,4617.0,1.0,1.0,0.0,12.0,3.0,2.0,80.0,0.0,4.0,2.0,2.0,4.0,3.0,1.0,2.0
55,41.0,0.0,9.0,1.0,3.0,0.0,1.0,3.0,3.0,3.0,1.0,0.0,0.0,8189.0,3.0,0.0,1.0,13.0,3.0,3.0,80.0,1.0,12.0,2.0,3.0,9.0,7.0,0.0,7.0
56,18.0,0.0,1.0,3.0,4.0,1.0,0.0,3.0,1.0,4.0,0.0,0.0,1.0,1611.0,1.0,1.0,0.0,15.0,3.0,3.0,80.0,0.0,0.0,5.0,4.0,0.0,0.0,0.0,0.0
57,25.0,0.0,4.0,1.0,3.0,0.0,1.0,2.0,2.0,1.0,0.0,1.0,0.0,4256.0,1.0,1.0,0.0,12.0,3.0,1.0,80.0,0.0,5.0,1.0,4.0,5.0,2.0,0.0,3.0
58,38.0,0.0,2.0,2.0,4.0,0.0,1.0,2.0,2.0,4.0,0.0,1.0,0.0,5249.0,3.0,1.0,0.0,18.0,3.0,4.0,80.0,1.0,13.0,0.0,3.0,8.0,7.0,7.0,5.0
59,28.0,0.0,3.0,3.0,4.0,1.0,0.0,3.0,3.0,2.0,1.0,0.0,0.0,7655.0,0.0,1.0,0.0,17.0,3.0,2.0,80.0,3.0,10.0,3.0,2.0,9.0,7.0,1.0,7.0
60,20.0,0.0,3.0,3.0,1.0,0.0,1.0,2.0,1.0,3.0,0.0,0.0,1.0,3033.0,1.0,1.0,0.0,12.0,3.0,1.0,80.0,0.0,2.0,2.0,2.0,2.0,2.0,1.0,2.0
61,45.0,0.0,7.0,4.0,1.0,0.0,1.0,4.0,2.0,3.0,0.0,1.0,0.0,6434.0,4.0,1.0,0.0,17.0,3.0,4.0,80.0,1.0,9.0,1.0,3.0,3.0,2.0,0.0,2.0
62,41.0,0.0,5.0,3.0,2.0,0.0,1.0,4.0,2.0,2.0,0.0,0.0,1.0,6870.0,3.0,1.0,0.0,12.0,3.0,1.0,80.0,0.0,11.0,3.0,1.0,3.0,2.0,1.0,2.0
63,27.0,0.0,2.0,4.0,4.0,1.0,0.0,3.0,1.0,1.0,1.0,0.0,0.0,2341.0,1.0,1.0,0.0,13.0,3.0,4.0,80.0,1.0,1.0,6.0,3.0,1.0,0.0,0.0,0.0
64,33.0,0.0,2.0,3.0,3.0,0.0,1.0,3.0,1.0,4.0,0.0,0.0,1.0,2496.0,4.0,1.0,0.0,11.0,3.0,4.0,80.0,0.0,7.0,3.0,3.0,1.0,1.0,0.0,0.0
65,21.0,0.0,5.0,1.0,3.0,0.0,1.0,3.0,1.0,4.0,0.0,0.0,1.0,3117.0,1.0,1.0,0.0,18.0,3.0,3.0,80.0,0.0,3.0,2.0,3.0,2.0,2.0,2.0,2.0
66,56.0,0.0,23.0,3.0,4.0,0.0,1.0,3.0,4.0,2.0,0.0,1.0,0.0,13402.0,4.0,0.0,1.0,12.0,3.0,1.0,80.0,1.0,33.0,0.0,3.0,19.0,16.0,15.0,9.0
67,40.0,0.0,2.0,1.0,4.0,1.0,0.0,2.0,1.0,4.0,0.0,0.0,1.0,2342.0,0.0,0.0,1.0,20.0,4.0,4.0,80.0,0.0,5.0,2.0,2.0,4.0,2.0,2.0,3.0
68,31.0,0.0,9.0,4.0,3.0,0.0,1.0,2.0,1.0,2.0,0.0,0.0,1.0,2657.0,0.0,0.0,1.0,16.0,3.0,4.0,80.0,0.0,3.0,5.0,3.0,2.0,2.0,2.0,2.0
69,30.0,0.0,27.0,5.0,3.0,0.0,1.0,3.0,2.0,4.0,1.0,0.0,0.0,5304.0,7.0,1.0,0.0,23.0,4.0,4.0,80.0,1.0,10.0,2.0,2.0,8.0,7.0,7.0,7.0
70,33.0,0.0,25.0,3.0,4.0,0.0,1.0,2.0,2.0,2.0,0.0,0.0,1.0,4320.0,1.0,1.0,0.0,13.0,3.0,4.0,80.0,0.0,5.0,2.0,3.0,5.0,3.0,0.0,2.0
71,27.0,0.0,23.0,1.0,2.0,1.0,0.0,2.0,2.0,3.0,0.0,1.0,0.0,3540.0,1.0,1.0,0.0,21.0,4.0,4.0,80.0,1.0,9.0,5.0,3.0,9.0,8.0,5.0,8.0
72,40.0,0.0,6.0,2.0,3.0,0.0,1.0,3.0,4.0,4.0,0.0,0.0,1.0,16437.0,1.0,0.0,1.0,21.0,4.0,4.0,80.0,0.0,21.0,2.0,3.0,21.0,7.0,7.0,7.0
73,41.0,0.0,10.0,4.0,2.0,0.0,1.0,2.0,5.0,4.0,1.0,0.0,0.0,19141.0,3.0,1.0,0.0,15.0,3.0,2.0,80.0,3.0,23.0,2.0,2.0,21.0,6.0,12.0,6.0
74,58.0,0.0,2.0,3.0,2.0,0.0,1.0,3.0,4.0,2.0,1.0,0.0,0.0,16291.0,4.0,1.0,0.0,22.0,4.0,4.0,80.0,1.0,37.0,0.0,2.0,16.0,9.0,14.0,14.0
75,37.0,0.0,25.0,2.0,3.0,1.0,0.0,2.0,2.0,4.0,1.0,0.0,0.0,5731.0,7.0,1.0,0.0,13.0,3.0,3.0,80.0,2.0,9.0,2.0,3.0,6.0,2.0,1.0,3.0
76,40.0,0.0,4.0,4.0,3.0,0.0,1.0,2.0,3.0,4.0,0.0,1.0,0.0,10855.0,7.0,1.0,0.0,11.0,3.0,1.0,80.0,1.0,15.0,2.0,2.0,12.0,11.0,2.0,11.0
77,30.0,0.0,1.0,2.0,4.0,0.0,1.0,3.0,1.0,2.0,0.0,1.0,0.0,3748.0,1.0,1.0,0.0,13.0,3.0,3.0,80.0,0.0,12.0,6.0,2.0,12.0,8.0,1.0,7.0
78,46.0,0.0,5.0,4.0,1.0,0.0,1.0,3.0,2.0,4.0,0.0,0.0,1.0,5772.0,4.0,0.0,1.0,21.0,4.0,3.0,80.0,0.0,14.0,4.0,3.0,9.0,6.0,0.0,8.0
79,40.0,0.0,2.0,2.0,2.0,1.0,0.0,3.0,2.0,2.0,0.0,1.0,0.0,5677.0,3.0,1.0,0.0,14.0,3.0,3.0,80.0,1.0,15.0,4.0,3.0,11.0,8.0,5.0,10.0
80,29.0,0.0,20.0,1.0,4.0,0.0,1.0,3.0,1.0,4.0,0.0,1.0,0.0,3812.0,1.0,1.0,0.0,13.0,3.0,2.0,80.0,0.0,11.0,3.0,4.0,11.0,8.0,3.0,10.0
81,39.0,0.0,7.0,2.0,3.0,0.0,1.0,2.0,5.0,4.0,0.0,1.0,0.0,19272.0,1.0,1.0,0.0,15.0,3.0,1.0,80.0,1.0,21.0,2.0,3.0,21.0,9.0,13.0,3.0
82,43.0,0.0,27.0,3.0,3.0,1.0,0.0,3.0,3.0,1.0,0.0,1.0,0.0,10820.0,8.0,1.0,0.0,11.0,3.0,3.0,80.0,1.0,18.0,1.0,3.0,8.0,7.0,0.0,1.0
83,22.0,0.0,15.0,3.0,2.0,1.0,0.0,3.0,1.0,4.0,0.0,0.0,1.0,2871.0,1.0,1.0,0.0,15.0,3.0,3.0,80.0,0.0,1.0,5.0,3.0,0.0,0.0,0.0,0.0
84,44.0,0.0,28.0,3.0,4.0,1.0,0.0,4.0,4.0,4.0,0.0,1.0,0.0,13320.0,3.0,0.0,1.0,18.0,3.0,3.0,80.0,1.0,23.0,2.0,3.0,12.0,11.0,11.0,11.0
85,45.0,0.0,24.0,4.0,2.0,0.0,1.0,3.0,1.0,2.0,0.0,0.0,1.0,2177.0,1.0,1.0,0.0,16.0,3.0,1.0,80.0,0.0,6.0,3.0,3.0,6.0,3.0,0.0,4.0
86,30.0,0.0,3.0,3.0,3.0,1.0,0.0,3.0,1.0,3.0,1.0,0.0,0.0,2083.0,1.0,1.0,0.0,20.0,4.0,3.0,80.0,1.0,1.0,2.0,3.0,1.0,0.0,0.0,0.0
87,55.0,0.0,14.0,4.0,3.0,0.0,1.0,4.0,5.0,2.0,0.0,0.0,1.0,18722.0,8.0,1.0,0.0,11.0,3.0,4.0,80.0,0.0,36.0,3.0,3.0,24.0,15.0,2.0,15.0
88,34.0,0.0,1.0,3.0,1.0,0.0,1.0,3.0,3.0,4.0,0.0,0.0,1.0,9888.0,1.0,1.0,0.0,21.0,4.0,1.0,80.0,0.0,14.0,3.0,2.0,14.0,8.0,2.0,1.0
89,34.0,0.0,2.0,4.0,3.0,1.0,0.0,2.0,1.0,1.0,0.0,0.0,1.0,4381.0,1.0,1.0,0.0,11.0,3.0,3.0,80.0,0.0,6.0,3.0,3.0,6.0,5.0,1.0,3.0
90,50.0,0.0,9.0,3.0,3.0,0.0,1.0,3.0,5.0,3.0,0.0,1.0,0.0,19331.0,4.0,0.0,1.0,16.0,3.0,3.0,80.0,1.0,27.0,2.0,3.0,1.0,0.0,0.0,0.0
91,50.0,0.0,24.0,3.0,4.0,0.0,1.0,3.0,4.0,3.0,0.0,1.0,0.0,13973.0,3.0,0.0,1.0,18.0,3.0,4.0,80.0,1.0,22.0,2.0,3.0,12.0,11.0,1.0,5.0
92,35.0,0.0,8.0,4.0,3.0,0.0,1.0,3.0,1.0,3.0,0.0,0.0,1.0,4323.0,1.0,1.0,0.0,17.0,3.0,2.0,80.0,0.0,6.0,2.0,1.0,5.0,4.0,1.0,4.0
93,48.0,0.0,2.0,5.0,2.0,1.0,0.0,3.0,2.0,4.0,0.0,1.0,0.0,4051.0,2.0,1.0,0.0,14.0,3.0,1.0,80.0,1.0,14.0,2.0,3.0,9.0,7.0,6.0,7.0
94,40.0,0.0,12.0,3.0,2.0,1.0,0.0,3.0,2.0,1.0,1.0,0.0,0.0,4448.0,2.0,1.0,0.0,12.0,3.0,2.0,80.0,1.0,15.0,3.0,3.0,7.0,4.0,7.0,7.0
95,26.0,0.0,1.0,2.0,1.0,0.0,1.0,2.0,1.0,1.0,0.0,1.0,0.0,3955.0,1.0,1.0,0.0,16.0,3.0,1.0,80.0,2.0,6.0,2.0,3.0,5.0,3.0,1.0,3.0
96,36.0,0.0,5.0,4.0,2.0,1.0,0.0,2.0,1.0,1.0,0.0,1.0,0.0,3419.0,9.0,0.0,1.0,14.0,3.0,4.0,80.0,1.0,6.0,3.0,4.0,1.0,1.0,0.0,0.0
97,32.0,0.0,9.0,4.0,1.0,1.0,0.0,3.0,2.0,4.0,0.0,1.0,0.0,6322.0,1.0,0.0,1.0,12.0,3.0,4.0,80.0,1.0,6.0,2.0,2.0,6.0,4.0,0.0,5.0
98,40.0,0.0,1.0,3.0,3.0,1.0,0.0,3.0,2.0,4.0,1.0,0.0,0.0,6513.0,4.0,1.0,0.0,17.0,3.0,4.0,80.0,1.0,12.0,3.0,3.0,5.0,3.0,0.0,3.0
99,29.0,0.0,29.0,1.0,4.0,0.0,1.0,1.0,2.0,3.0,1.0,0.0,0.0,6384.0,8.0,1.0,0.0,17.0,3.0,4.0,80.0,2.0,11.0,3.0,3.0,7.0,0.0,1.0,6.0
100,54.0,0.0,1.0,3.0,4.0,1.0,0.0,3.0,4.0,4.0,0.0,0.0,1.0,17328.0,6.0,1.0,0.0,19.0,3.0,4.0,80.0,0.0,29.0,3.0,2.0,20.0,7.0,12.0,7.0
101,25.0,0.0,2.0,1.0,1.0,0.0,1.0,4.0,1.0,1.0,0.0,0.0,1.0,3424.0,7.0,1.0,0.0,13.0,3.0,3.0,80.0,0.0,6.0,3.0,2.0,4.0,3.0,0.0,1.0
102,37.0,0.0,10.0,4.0,3.0,0.0,1.0,3.0,2.0,2.0,0.0,0.0,1.0,4197.0,2.0,0.0,1.0,12.0,3.0,4.0,80.0,0.0,18.0,2.0,2.0,1.0,0.0,0.0,1.0
103,30.0,0.0,2.0,3.0,3.0,1.0,0.0,1.0,2.0,4.0,0.0,0.0,1.0,6091.0,2.0,1.0,0.0,20.0,4.0,3.0,80.0,0.0,11.0,2.0,3.0,5.0,4.0,0.0,2.0
104,35.0,0.0,3.0,4.0,4.0,0.0,1.0,3.0,3.0,4.0,1.0,0.0,0.0,7823.0,6.0,1.0,0.0,13.0,3.0,2.0,80.0,1.0,12.0,2.0,3.0,10.0,9.0,0.0,8.0
105,59.0,0.0,1.0,2.0,2.0,0.0,1.0,3.0,3.0,4.0,0.0,1.0,0.0,11904.0,3.0,0.0,1.0,14.0,3.0,3.0,80.0,1.0,14.0,1.0,1.0,6.0,4.0,0.0,4.0
106,27.0,0.0,7.0,3.0,4.0,1.0,0.0,2.0,2.0,1.0,0.0,0.0,1.0,6811.0,8.0,1.0,0.0,19.0,3.0,1.0,80.0,0.0,9.0,2.0,1.0,7.0,6.0,0.0,7.0
107,37.0,0.0,10.0,4.0,4.0,1.0,0.0,2.0,2.0,4.0,1.0,0.0,0.0,6694.0,2.0,0.0,1.0,14.0,3.0,3.0,80.0,3.0,8.0,5.0,3.0,1.0,0.0,0.0,0.0
108,29.0,0.0,2.0,2.0,2.0,0.0,1.0,3.0,2.0,4.0,0.0,0.0,1.0,4554.0,1.0,1.0,0.0,18.0,3.0,1.0,80.0,0.0,10.0,3.0,2.0,10.0,7.0,0.0,9.0
109,42.0,0.0,17.0,2.0,4.0,1.0,0.0,4.0,2.0,1.0,0.0,0.0,1.0,6545.0,3.0,0.0,1.0,13.0,3.0,3.0,80.0,0.0,10.0,1.0,3.0,3.0,2.0,0.0,2.0
110,41.0,0.0,6.0,3.0,4.0,0.0,1.0,3.0,1.0,1.0,0.0,0.0,1.0,4721.0,2.0,0.0,1.0,13.0,3.0,3.0,80.0,0.0,20.0,3.0,3.0,18.0,13.0,2.0,17.0
111,50.0,0.0,1.0,2.0,4.0,0.0,1.0,3.0,4.0,4.0,1.0,0.0,0.0,17399.0,9.0,1.0,0.0,22.0,4.0,3.0,80.0,1.0,32.0,1.0,2.0,5.0,4.0,1.0,3.0
112,41.0,0.0,8.0,3.0,3.0,1.0,0.0,3.0,2.0,2.0,0.0,1.0,0.0,4393.0,5.0,1.0,0.0,21.0,4.0,3.0,80.0,1.0,14.0,3.0,3.0,5.0,4.0,1.0,4.0
113,50.0,0.0,8.0,4.0,4.0,0.0,1.0,3.0,1.0,2.0,0.0,1.0,0.0,3875.0,7.0,1.0,0.0,15.0,3.0,4.0,80.0,1.0,4.0,2.0,3.0,2.0,2.0,2.0,2.0
114,28.0,0.0,19.0,4.0,4.0,0.0,1.0,2.0,1.0,1.0,0.0,1.0,0.0,3196.0,1.0,1.0,0.0,12.0,3.0,3.0,80.0,3.0,6.0,2.0,3.0,6.0,5.0,3.0,3.0
115,22.0,0.0,6.0,1.0,1.0,0.0,1.0,3.0,1.0,3.0,0.0,1.0,0.0,2773.0,0.0,1.0,0.0,20.0,4.0,4.0,80.0,0.0,3.0,3.0,3.0,2.0,2.0,2.0,2.0
116,41.0,0.0,6.0,3.0,4.0,0.0,1.0,2.0,2.0,2.0,0.0,0.0,1.0,6032.0,6.0,0.0,1.0,15.0,3.0,4.0,80.0,0.0,8.0,3.0,3.0,5.0,4.0,1.0,2.0
117,34.0,0.0,3.0,1.0,1.0,0.0,1.0,3.0,2.0,4.0,0.0,0.0,1.0,7756.0,0.0,1.0,0.0,17.0,3.0,3.0,80.0,0.0,7.0,1.0,2.0,6.0,2.0,0.0,4.0
118,36.0,0.0,1.0,4.0,2.0,1.0,0.0,3.0,2.0,3.0,0.0,0.0,1.0,6815.0,6.0,1.0,0.0,13.0,3.0,1.0,80.0,0.0,15.0,5.0,3.0,1.0,0.0,0.0,0.0
119,32.0,0.0,10.0,3.0,3.0,0.0,1.0,3.0,3.0,4.0,0.0,0.0,1.0,11244.0,2.0,1.0,0.0,25.0,4.0,2.0,80.0,0.0,10.0,5.0,4.0,5.0,2.0,0.0,0.0
120,40.0,0.0,2.0,1.0,2.0,1.0,0.0,4.0,2.0,3.0,1.0,0.0,0.0,6377.0,5.0,1.0,0.0,20.0,4.0,2.0,80.0,3.0,15.0,0.0,3.0,12.0,11.0,11.0,8.0
121,45.0,0.0,5.0,5.0,3.0,1.0,0.0,1.0,2.0,1.0,0.0,0.0,1.0,5769.0,1.0,0.0,1.0,14.0,3.0,1.0,80.0,0.0,10.0,3.0,3.0,10.0,7.0,1.0,4.0
122,29.0,0.0,5.0,3.0,1.0,0.0,1.0,2.0,2.0,2.0,1.0,0.0,0.0,4187.0,1.0,0.0,1.0,13.0,3.0,2.0,80.0,1.0,10.0,3.0,2.0,10.0,0.0,0.0,9.0
123,45.0,0.0,7.0,3.0,2.0,0.0,1.0,3.0,3.0,1.0,1.0,0.0,0.0,9724.0,2.0,1.0,0.0,17.0,3.0,3.0,80.0,1.0,25.0,2.0,3.0,1.0,0.0,0.0,0.0
124,36.0,0.0,12.0,4.0,3.0,1.0,0.0,3.0,2.0,3.0,0.0,1.0,0.0,4663.0,9.0,0.0,1.0,12.0,3.0,2.0,80.0,2.0,7.0,2.0,3.0,3.0,2.0,1.0,1.0
125,36.0,0.0,6.0,3.0,4.0,0.0,1.0,3.0,1.0,4.0,0.0,1.0,0.0,3210.0,0.0,1.0,0.0,11.0,3.0,3.0,80.0,1.0,16.0,4.0,3.0,15.0,13.0,10.0,11.0
126,36.0,0.0,18.0,1.0,2.0,1.0,0.0,3.0,1.0,4.0,0.0,0.0,1.0,2153.0,1.0,1.0,0.0,13.0,3.0,1.0,80.0,0.0,8.0,2.0,3.0,8.0,1.0,1.0,7.0
127,40.0,0.0,26.0,3.0,2.0,1.0,0.0,3.0,2.0,2.0,1.0,0.0,0.0,5605.0,1.0,1.0,0.0,11.0,3.0,1.0,80.0,1.0,20.0,2.0,3.0,20.0,7.0,2.0,13.0
128,51.0,0.0,3.0,3.0,4.0,1.0,0.0,3.0,4.0,2.0,0.0,0.0,1.0,13734.0,3.0,1.0,0.0,18.0,3.0,3.0,80.0,0.0,21.0,6.0,3.0,7.0,7.0,1.0,0.0
129,33.0,0.0,1.0,2.0,1.0,1.0,0.0,3.0,3.0,4.0,0.0,0.0,1.0,13458.0,1.0,0.0,1.0,12.0,3.0,3.0,80.0,0.0,15.0,1.0,3.0,15.0,14.0,8.0,12.0
130,30.0,0.0,23.0,3.0,1.0,0.0,1.0,1.0,1.0,3.0,1.0,0.0,0.0,2613.0,1.0,1.0,0.0,25.0,4.0,3.0,80.0,3.0,10.0,2.0,2.0,10.0,7.0,0.0,9.0
131,54.0,0.0,22.0,5.0,2.0,1.0,0.0,3.0,4.0,3.0,0.0,1.0,0.0,17426.0,3.0,1.0,0.0,25.0,4.0,3.0,80.0,1.0,36.0,6.0,3.0,10.0,8.0,4.0,7.0
132,36.0,0.0,23.0,2.0,3.0,0.0,1.0,4.0,2.0,4.0,0.0,1.0,0.0,2571.0,4.0,1.0,0.0,17.0,3.0,3.0,80.0,1.0,17.0,3.0,3.0,5.0,2.0,0.0,3.0
133,24.0,0.0,23.0,3.0,2.0,0.0,1.0,4.0,1.0,4.0,0.0,1.0,0.0,2725.0,1.0,0.0,1.0,11.0,3.0,2.0,80.0,2.0,6.0,3.0,3.0,6.0,5.0,1.0,4.0
134,37.0,0.0,2.0,2.0,3.0,0.0,1.0,2.0,2.0,4.0,1.0,0.0,0.0,5163.0,5.0,1.0,0.0,14.0,3.0,4.0,80.0,1.0,17.0,2.0,4.0,1.0,0.0,0.0,0.0
135,40.0,0.0,16.0,4.0,1.0,0.0,1.0,2.0,2.0,3.0,0.0,0.0,1.0,5094.0,6.0,1.0,0.0,14.0,3.0,4.0,80.0,0.0,10.0,6.0,3.0,1.0,0.0,0.0,0.0
136,42.0,0.0,23.0,2.0,4.0,0.0,1.0,2.0,2.0,3.0,0.0,0.0,1.0,4332.0,1.0,1.0,0.0,12.0,3.0,4.0,80.0,0.0,20.0,2.0,3.0,20.0,9.0,3.0,7.0
137,30.0,0.0,24.0,1.0,4.0,0.0,1.0,3.0,1.0,3.0,1.0,0.0,0.0,2693.0,1.0,1.0,0.0,22.0,4.0,2.0,80.0,1.0,1.0,2.0,3.0,1.0,0.0,0.0,0.0
138,30.0,0.0,2.0,4.0,4.0,1.0,0.0,2.0,1.0,1.0,0.0,0.0,1.0,4968.0,0.0,1.0,0.0,16.0,3.0,4.0,80.0,0.0,10.0,2.0,3.0,9.0,7.0,0.0,7.0
139,55.0,0.0,20.0,2.0,2.0,0.0,1.0,3.0,2.0,4.0,0.0,1.0,0.0,5415.0,3.0,0.0,1.0,19.0,3.0,4.0,80.0,1.0,12.0,4.0,3.0,10.0,7.0,0.0,8.0
140,59.0,0.0,6.0,2.0,2.0,0.0,1.0,3.0,1.0,3.0,0.0,1.0,0.0,2267.0,8.0,1.0,0.0,17.0,3.0,4.0,80.0,0.0,7.0,2.0,2.0,2.0,2.0,2.0,2.0
141,42.0,0.0,28.0,4.0,4.0,1.0,0.0,2.0,2.0,4.0,0.0,1.0,0.0,4523.0,0.0,1.0,0.0,11.0,3.0,4.0,80.0,3.0,7.0,4.0,4.0,6.0,5.0,0.0,4.0
142,32.0,0.0,10.0,3.0,4.0,0.0,1.0,3.0,2.0,4.0,0.0,0.0,1.0,5396.0,1.0,1.0,0.0,12.0,3.0,4.0,80.0,0.0,10.0,2.0,2.0,10.0,7.0,0.0,8.0
143,39.0,0.0,4.0,3.0,1.0,1.0,0.0,3.0,2.0,3.0,0.0,0.0,1.0,5042.0,0.0,1.0,0.0,13.0,3.0,4.0,80.0,0.0,10.0,2.0,1.0,9.0,2.0,3.0,8.0
144,40.0,0.0,2.0,2.0,1.0,0.0,1.0,3.0,5.0,3.0,1.0,0.0,0.0,19436.0,0.0,1.0,0.0,19.0,3.0,4.0,80.0,1.0,22.0,5.0,3.0,21.0,7.0,3.0,9.0
145,40.0,0.0,1.0,4.0,3.0,0.0,1.0,2.0,4.0,2.0,0.0,1.0,0.0,13503.0,1.0,1.0,0.0,22.0,4.0,4.0,80.0,1.0,22.0,3.0,2.0,22.0,3.0,11.0,11.0
146,32.0,0.0,1.0,3.0,4.0,0.0,1.0,3.0,1.0,4.0,1.0,0.0,0.0,2314.0,0.0,1.0,0.0,12.0,3.0,2.0,80.0,1.0,4.0,2.0,3.0,3.0,0.0,0.0,2.0
147,46.0,0.0,13.0,4.0,3.0,0.0,1.0,3.0,2.0,2.0,0.0,0.0,1.0,5562.0,6.0,1.0,0.0,14.0,3.0,4.0,80.0,0.0,19.0,3.0,3.0,10.0,7.0,0.0,9.0
148,35.0,0.0,2.0,3.0,2.0,1.0,0.0,3.0,2.0,2.0,0.0,0.0,1.0,4425.0,5.0,1.0,0.0,11.0,3.0,4.0,80.0,0.0,10.0,5.0,3.0,6.0,2.0,1.0,2.0
149,33.0,0.0,1.0,4.0,3.0,0.0,1.0,2.0,1.0,1.0,0.0,0.0,1.0,2799.0,3.0,0.0,1.0,11.0,3.0,2.0,80.0,0.0,6.0,1.0,3.0,3.0,2.0,0.0,2.0
150,54.0,0.0,3.0,3.0,4.0,0.0,1.0,3.0,4.0,4.0,0.0,1.0,0.0,17779.0,3.0,1.0,0.0,14.0,3.0,1.0,80.0,0.0,36.0,2.0,3.0,10.0,9.0,0.0,9.0
151,29.0,0.0,1.0,4.0,2.0,0.0,1.0,1.0,1.0,4.0,1.0,0.0,0.0,2720.0,1.0,1.0,0.0,18.0,3.0,4.0,80.0,1.0,10.0,5.0,3.0,10.0,7.0,2.0,8.0
152,40.0,0.0,19.0,2.0,3.0,0.0,1.0,3.0,2.0,4.0,0.0,1.0,0.0,2741.0,8.0,0.0,1.0,15.0,3.0,3.0,80.0,1.0,15.0,2.0,4.0,7.0,2.0,3.0,7.0
153,33.0,0.0,5.0,4.0,4.0,1.0,0.0,3.0,3.0,2.0,0.0,1.0,0.0,11878.0,6.0,1.0,0.0,11.0,3.0,2.0,80.0,2.0,12.0,2.0,3.0,10.0,6.0,8.0,8.0
154,41.0,0.0,10.0,3.0,4.0,0.0,1.0,2.0,4.0,1.0,1.0,0.0,0.0,17181.0,4.0,1.0,0.0,13.0,3.0,2.0,80.0,1.0,21.0,2.0,2.0,7.0,6.0,7.0,7.0
155,44.0,0.0,1.0,5.0,1.0,0.0,1.0,3.0,2.0,4.0,0.0,1.0,0.0,5743.0,4.0,0.0,1.0,11.0,3.0,3.0,80.0,0.0,14.0,3.0,3.0,10.0,7.0,0.0,2.0
156,60.0,0.0,7.0,3.0,1.0,1.0,0.0,3.0,5.0,1.0,0.0,1.0,0.0,19566.0,5.0,1.0,0.0,11.0,3.0,4.0,80.0,0.0,33.0,5.0,1.0,29.0,8.0,11.0,10.0
157,43.0,0.0,10.0,4.0,3.0,1.0,0.0,3.0,1.0,4.0,0.0,0.0,1.0,2455.0,0.0,1.0,0.0,19.0,3.0,1.0,80.0,0.0,9.0,5.0,3.0,8.0,7.0,1.0,7.0
158,32.0,0.0,2.0,2.0,4.0,1.0,0.0,3.0,2.0,3.0,0.0,0.0,1.0,4998.0,4.0,0.0,1.0,14.0,3.0,4.0,80.0,0.0,10.0,2.0,3.0,8.0,7.0,0.0,7.0
159,43.0,0.0,27.0,3.0,4.0,0.0,1.0,4.0,1.0,2.0,1.0,0.0,0.0,4876.0,5.0,1.0,0.0,12.0,3.0,3.0,80.0,1.0,8.0,0.0,3.0,6.0,4.0,0.0,2.0
160,27.0,0.0,2.0,4.0,1.0,1.0,0.0,3.0,2.0,4.0,0.0,1.0,0.0,4227.0,0.0,1.0,0.0,18.0,3.0,2.0,80.0,1.0,4.0,2.0,3.0,3.0,2.0,2.0,2.0
161,34.0,0.0,2.0,3.0,4.0,0.0,1.0,3.0,2.0,4.0,0.0,0.0,1.0,6274.0,1.0,1.0,0.0,22.0,4.0,3.0,80.0,0.0,6.0,5.0,3.0,6.0,5.0,1.0,4.0
162,50.0,0.0,7.0,2.0,2.0,1.0,0.0,2.0,5.0,3.0,1.0,0.0,0.0,18740.0,5.0,0.0,1.0,12.0,3.0,4.0,80.0,1.0,29.0,2.0,2.0,27.0,3.0,13.0,8.0
163,35.0,0.0,23.0,4.0,2.0,0.0,1.0,1.0,1.0,3.0,0.0,1.0,0.0,2705.0,0.0,1.0,0.0,16.0,3.0,2.0,80.0,1.0,6.0,2.0,4.0,5.0,4.0,0.0,3.0
164,49.0,0.0,18.0,4.0,4.0,0.0,1.0,2.0,5.0,3.0,1.0,0.0,0.0,19502.0,1.0,0.0,1.0,17.0,3.0,3.0,80.0,1.0,31.0,5.0,3.0,31.0,9.0,0.0,9.0
165,31.0,0.0,6.0,4.0,1.0,0.0,1.0,4.0,2.0,4.0,1.0,0.0,0.0,5460.0,4.0,1.0,0.0,22.0,4.0,4.0,80.0,2.0,13.0,4.0,4.0,7.0,7.0,5.0,7.0
166,40.0,0.0,2.0,2.0,3.0,1.0,0.0,3.0,1.0,1.0,0.0,1.0,0.0,3377.0,4.0,1.0,0.0,17.0,3.0,4.0,80.0,1.0,7.0,5.0,2.0,4.0,3.0,0.0,2.0
167,24.0,0.0,18.0,1.0,2.0,0.0,1.0,3.0,1.0,3.0,0.0,1.0,0.0,2774.0,0.0,1.0,0.0,12.0,3.0,3.0,80.0,1.0,6.0,2.0,3.0,5.0,3.0,1.0,2.0
168,32.0,0.0,2.0,3.0,4.0,0.0,1.0,3.0,1.0,1.0,0.0,0.0,1.0,2439.0,1.0,1.0,0.0,14.0,3.0,4.0,80.0,0.0,4.0,4.0,3.0,4.0,2.0,1.0,2.0
169,33.0,0.0,8.0,4.0,1.0,0.0,1.0,3.0,2.0,1.0,0.0,1.0,0.0,6392.0,2.0,1.0,0.0,13.0,3.0,4.0,80.0,1.0,8.0,6.0,1.0,2.0,2.0,2.0,2.0
170,60.0,0.0,7.0,4.0,2.0,0.0,1.0,4.0,2.0,4.0,1.0,0.0,0.0,5220.0,0.0,0.0,1.0,18.0,3.0,2.0,80.0,1.0,12.0,3.0,3.0,11.0,7.0,1.0,9.0
171,37.0,0.0,25.0,5.0,2.0,1.0,0.0,3.0,2.0,3.0,0.0,1.0,0.0,4449.0,3.0,0.0,1.0,15.0,3.0,1.0,80.0,2.0,15.0,2.0,3.0,13.0,11.0,10.0,7.0
172,42.0,0.0,2.0,4.0,3.0,1.0,0.0,3.0,2.0,4.0,0.0,1.0,0.0,4089.0,1.0,1.0,0.0,13.0,3.0,2.0,80.0,2.0,10.0,4.0,3.0,10.0,2.0,2.0,2.0
173,27.0,0.0,2.0,1.0,1.0,0.0,1.0,3.0,1.0,2.0,0.0,1.0,0.0,3468.0,9.0,1.0,0.0,12.0,3.0,4.0,80.0,1.0,6.0,3.0,3.0,2.0,2.0,2.0,2.0
174,38.0,0.0,16.0,3.0,2.0,1.0,0.0,3.0,2.0,2.0,0.0,0.0,1.0,4198.0,2.0,1.0,0.0,12.0,3.0,2.0,80.0,0.0,8.0,5.0,4.0,3.0,2.0,1.0,2.0
175,59.0,0.0,3.0,3.0,3.0,0.0,1.0,2.0,1.0,4.0,0.0,1.0,0.0,2177.0,3.0,1.0,0.0,17.0,3.0,1.0,80.0,1.0,7.0,6.0,3.0,1.0,0.0,0.0,0.0
176,40.0,0.0,7.0,4.0,2.0,0.0,1.0,3.0,5.0,2.0,0.0,0.0,1.0,19833.0,1.0,1.0,0.0,14.0,3.0,2.0,80.0,0.0,21.0,3.0,2.0,21.0,8.0,12.0,8.0
177,50.0,0.0,1.0,3.0,4.0,1.0,0.0,3.0,2.0,3.0,0.0,1.0,0.0,6347.0,0.0,1.0,0.0,12.0,3.0,1.0,80.0,1.0,19.0,3.0,3.0,18.0,7.0,0.0,13.0
178,35.0,0.0,18.0,3.0,3.0,1.0,0.0,3.0,2.0,3.0,0.0,1.0,0.0,4601.0,1.0,1.0,0.0,16.0,3.0,2.0,80.0,0.0,5.0,3.0,3.0,5.0,2.0,1.0,0.0
179,29.0,0.0,27.0,3.0,2.0,1.0,0.0,3.0,2.0,3.0,0.0,1.0,0.0,4335.0,4.0,1.0,0.0,12.0,3.0,1.0,80.0,1.0,11.0,3.0,2.0,8.0,7.0,1.0,1.0
180,32.0,0.0,5.0,4.0,2.0,1.0,0.0,4.0,1.0,4.0,0.0,1.0,0.0,3312.0,3.0,1.0,0.0,17.0,3.0,4.0,80.0,2.0,6.0,3.0,3.0,3.0,2.0,0.0,2.0
181,60.0,0.0,16.0,4.0,1.0,0.0,1.0,3.0,2.0,1.0,0.0,0.0,1.0,5405.0,8.0,1.0,0.0,14.0,3.0,4.0,80.0,0.0,10.0,1.0,3.0,2.0,2.0,2.0,2.0
182,56.0,0.0,11.0,5.0,4.0,1.0,0.0,2.0,2.0,1.0,0.0,1.0,0.0,5380.0,4.0,1.0,0.0,16.0,3.0,3.0,80.0,1.0,6.0,3.0,3.0,0.0,0.0,0.0,0.0
183,45.0,0.0,7.0,3.0,1.0,0.0,1.0,3.0,3.0,1.0,1.0,0.0,0.0,5210.0,1.0,1.0,0.0,18.0,3.0,1.0,80.0,1.0,24.0,2.0,3.0,24.0,9.0,9.0,11.0
184,41.0,0.0,5.0,5.0,2.0,0.0,1.0,4.0,1.0,3.0,0.0,1.0,0.0,2127.0,2.0,0.0,1.0,12.0,3.0,1.0,80.0,0.0,7.0,5.0,2.0,4.0,2.0,0.0,3.0
185,29.0,0.0,28.0,4.0,4.0,1.0,0.0,2.0,1.0,1.0,0.0,0.0,1.0,3785.0,1.0,1.0,0.0,14.0,3.0,2.0,80.0,0.0,5.0,3.0,1.0,5.0,4.0,0.0,4.0
186,34.0,0.0,19.0,3.0,2.0,1.0,0.0,2.0,1.0,4.0,0.0,1.0,0.0,2929.0,1.0,1.0,0.0,12.0,3.0,2.0,80.0,0.0,10.0,3.0,3.0,10.0,9.0,8.0,7.0
187,46.0,0.0,1.0,2.0,2.0,1.0,0.0,3.0,3.0,1.0,1.0,0.0,0.0,10453.0,1.0,1.0,0.0,25.0,4.0,3.0,80.0,3.0,24.0,2.0,3.0,24.0,13.0,15.0,7.0
188,40.0,0.0,2.0,3.0,3.0,0.0,1.0,3.0,1.0,3.0,1.0,0.0,0.0,2345.0,2.0,1.0,0.0,14.0,3.0,3.0,80.0,1.0,8.0,3.0,4.0,3.0,1.0,1.0,2.0
189,33.0,0.0,7.0,3.0,4.0,0.0,1.0,3.0,2.0,1.0,0.0,1.0,0.0,4373.0,0.0,1.0,0.0,14.0,3.0,1.0,80.0,2.0,5.0,2.0,3.0,4.0,3.0,0.0,3.0
190,23.0,0.0,26.0,1.0,3.0,0.0,1.0,3.0,1.0,4.0,1.0,0.0,0.0,2904.0,1.0,1.0,0.0,12.0,3.0,3.0,80.0,2.0,4.0,2.0,2.0,4.0,2.0,0.0,2.0
191,33.0,0.0,21.0,3.0,2.0,0.0,1.0,4.0,1.0,2.0,0.0,1.0,0.0,2028.0,1.0,1.0,0.0,18.0,3.0,4.0,80.0,3.0,14.0,6.0,3.0,14.0,11.0,2.0,13.0
192,34.0,0.0,1.0,3.0,4.0,0.0,1.0,2.0,2.0,1.0,0.0,0.0,1.0,5343.0,0.0,1.0,0.0,20.0,4.0,3.0,80.0,0.0,14.0,3.0,3.0,13.0,9.0,4.0,9.0
193,40.0,0.0,9.0,4.0,4.0,0.0,1.0,3.0,1.0,2.0,1.0,0.0,0.0,3617.0,8.0,0.0,1.0,14.0,3.0,4.0,80.0,1.0,3.0,2.0,3.0,1.0,1.0,0.0,0.0
194,36.0,0.0,17.0,2.0,3.0,0.0,1.0,2.0,2.0,2.0,0.0,1.0,0.0,5507.0,2.0,1.0,0.0,16.0,3.0,3.0,80.0,2.0,12.0,1.0,1.0,4.0,2.0,1.0,3.0
195,25.0,0.0,7.0,1.0,4.0,0.0,1.0,2.0,1.0,4.0,0.0,1.0,0.0,2889.0,1.0,1.0,0.0,11.0,3.0,3.0,80.0,2.0,2.0,2.0,3.0,2.0,2.0,2.0,1.0
196,36.0,0.0,7.0,3.0,1.0,0.0,1.0,3.0,1.0,2.0,0.0,0.0,1.0,2013.0,2.0,1.0,0.0,11.0,3.0,3.0,80.0,0.0,15.0,4.0,3.0,4.0,3.0,1.0,3.0
197,38.0,0.0,14.0,3.0,3.0,0.0,1.0,3.0,2.0,2.0,0.0,1.0,0.0,9924.0,0.0,1.0,0.0,11.0,3.0,4.0,80.0,1.0,10.0,3.0,3.0,9.0,8.0,7.0,7.0
198,37.0,0.0,19.0,3.0,3.0,0.0,1.0,3.0,2.0,3.0,0.0,1.0,0.0,5768.0,3.0,1.0,0.0,17.0,3.0,1.0,80.0,3.0,9.0,2.0,2.0,4.0,3.0,0.0,2.0
199,42.0,0.0,9.0,2.0,1.0,1.0,0.0,3.0,1.0,4.0,0.0,0.0,1.0,3673.0,1.0,1.0,0.0,13.0,3.0,3.0,80.0,0.0,12.0,3.0,3.0,12.0,9.0,5.0,8.0
200,37.0,0.0,10.0,1.0,4.0,1.0,0.0,3.0,1.0,1.0,1.0,0.0,0.0,2782.0,0.0,0.0,1.0,13.0,3.0,2.0,80.0,2.0,6.0,3.0,2.0,5.0,3.0,4.0,3.0
201,32.0,0.0,5.0,4.0,4.0,0.0,1.0,2.0,2.0,4.0,0.0,0.0,1.0,9679.0,8.0,1.0,0.0,24.0,4.0,2.0,80.0,0.0,8.0,1.0,3.0,1.0,0.0,0.0,0.0
202,23.0,0.0,1.0,2.0,4.0,0.0,1.0,3.0,1.0,3.0,0.0,1.0,0.0,1223.0,1.0,1.0,0.0,22.0,4.0,4.0,80.0,1.0,1.0,2.0,3.0,1.0,0.0,0.0,1.0
203,31.0,0.0,5.0,4.0,3.0,0.0,1.0,3.0,1.0,4.0,0.0,1.0,0.0,4821.0,0.0,0.0,1.0,12.0,3.0,3.0,80.0,1.0,6.0,4.0,3.0,5.0,2.0,0.0,3.0
204,42.0,0.0,2.0,3.0,4.0,1.0,0.0,2.0,1.0,1.0,1.0,0.0,0.0,2593.0,0.0,0.0,1.0,11.0,3.0,3.0,80.0,1.0,10.0,4.0,3.0,9.0,6.0,7.0,8.0
205,40.0,0.0,8.0,2.0,4.0,0.0,1.0,3.0,2.0,4.0,1.0,0.0,0.0,4069.0,3.0,0.0,1.0,18.0,3.0,3.0,80.0,0.0,8.0,2.0,3.0,2.0,2.0,2.0,2.0
206,44.0,0.0,2.0,1.0,1.0,1.0,0.0,4.0,1.0,4.0,0.0,1.0,0.0,2011.0,1.0,1.0,0.0,13.0,3.0,4.0,80.0,1.0,10.0,5.0,3.0,10.0,5.0,7.0,7.0
207,49.0,0.0,2.0,3.0,4.0,0.0,1.0,2.0,2.0,2.0,0.0,1.0,0.0,5390.0,2.0,1.0,0.0,14.0,3.0,4.0,80.0,0.0,17.0,3.0,2.0,9.0,6.0,0.0,8.0
208,29.0,0.0,20.0,2.0,4.0,0.0,1.0,3.0,2.0,4.0,1.0,0.0,0.0,6931.0,2.0,1.0,0.0,14.0,3.0,4.0,80.0,1.0,10.0,2.0,3.0,3.0,2.0,0.0,2.0
209,35.0,0.0,22.0,3.0,2.0,1.0,0.0,4.0,3.0,2.0,1.0,0.0,0.0,11996.0,7.0,1.0,0.0,18.0,3.0,2.0,80.0,1.0,10.0,6.0,2.0,7.0,7.0,6.0,2.0
210,26.0,0.0,23.0,3.0,1.0,1.0,0.0,3.0,1.0,4.0,1.0,0.0,0.0,2886.0,1.0,1.0,0.0,22.0,4.0,2.0,80.0,2.0,3.0,3.0,1.0,3.0,2.0,0.0,2.0
211,29.0,0.0,1.0,3.0,4.0,0.0,1.0,4.0,2.0,3.0,0.0,0.0,1.0,6294.0,8.0,0.0,1.0,12.0,3.0,4.0,80.0,0.0,10.0,5.0,4.0,3.0,2.0,0.0,2.0
212,30.0,0.0,17.0,4.0,2.0,1.0,0.0,3.0,3.0,1.0,0.0,1.0,0.0,11916.0,1.0,0.0,1.0,23.0,4.0,4.0,80.0,2.0,9.0,2.0,3.0,9.0,1.0,0.0,8.0
213,31.0,0.0,2.0,3.0,1.0,0.0,1.0,2.0,2.0,1.0,0.0,1.0,0.0,6410.0,3.0,1.0,0.0,12.0,3.0,4.0,80.0,0.0,9.0,1.0,3.0,2.0,2.0,1.0,0.0
214,33.0,0.0,3.0,2.0,4.0,0.0,1.0,3.0,1.0,2.0,1.0,0.0,0.0,2277.0,3.0,0.0,1.0,11.0,3.0,3.0,80.0,1.0,7.0,4.0,4.0,4.0,3.0,0.0,3.0
215,42.0,0.0,23.0,5.0,1.0,1.0,0.0,3.0,4.0,4.0,0.0,0.0,1.0,15992.0,2.0,1.0,0.0,14.0,3.0,2.0,80.0,0.0,16.0,2.0,3.0,1.0,0.0,0.0,0.0
216,35.0,0.0,18.0,2.0,3.0,0.0,1.0,3.0,3.0,4.0,0.0,0.0,1.0,9362.0,2.0,1.0,0.0,11.0,3.0,3.0,80.0,0.0,10.0,2.0,3.0,2.0,2.0,2.0,2.0
217,50.0,0.0,20.0,5.0,2.0,0.0,1.0,3.0,4.0,3.0,0.0,1.0,0.0,11245.0,2.0,0.0,1.0,15.0,3.0,3.0,80.0,1.0,32.0,3.0,3.0,30.0,8.0,12.0,13.0
218,35.0,0.0,23.0,4.0,3.0,1.0,0.0,3.0,1.0,1.0,0.0,1.0,0.0,4014.0,3.0,0.0,1.0,15.0,3.0,3.0,80.0,1.0,4.0,3.0,3.0,2.0,2.0,2.0,2.0
219,38.0,0.0,2.0,4.0,2.0,1.0,0.0,1.0,2.0,4.0,0.0,1.0,0.0,5405.0,2.0,0.0,1.0,20.0,4.0,1.0,80.0,2.0,20.0,4.0,2.0,4.0,2.0,0.0,3.0
220,37.0,0.0,16.0,4.0,4.0,0.0,1.0,2.0,2.0,3.0,1.0,0.0,0.0,6334.0,4.0,1.0,0.0,19.0,3.0,4.0,80.0,2.0,9.0,2.0,3.0,1.0,0.0,0.0,0.0
