"user_id","doctor_id",
"100322634","[""1aa3e821-1f6a-4422-a223-a0a4ae58fbfb000"",""d804b838-fd43-4562-b271-63e006645f60000""]",
"100784803","[""125749739232123000""]",
"101191909","[""fe294d4f-9d89-46ff-8bf3-45cdc31bcb63000""]",
"101533690","[""FEC007C4F1D51EF0E040A8C00F012C86000""]",
"101917655","[""32407fec-6a0d-4181-91d3-a2fffc19797b000""]",
"101973412","[""951d1493-c720-11e1-913c-5cf9dd2e7135000""]",
"102103856","[""0dbe9e5a-0d42-4470-bb2f-edf96b06b2f6000""]",
"102168317","[""131615418090775000"",""0e00e56f-9759-49c1-b6b3-5c14142591db000""]",
"102325041","[""d9a0ba5d-c3dc-4afe-b51f-84b95cd514c8000""]",
"102371140","[""cbde8e79-f7a0-4586-b03d-6699a41969e7000""]",
"103402448","[""5addb7be-ffa6-44c0-9802-284198e8ef53000""]",
"103441713","[""719ca358-65a4-45ed-b0a6-2be4d312294d000""]",
"103595413","[""0ccdcb58-16bf-4bdf-ad73-e71f2aedba5b000""]",
"10373402","[""f908e3df-456a-4838-b552-1855b68d2800000""]",
"104396900","[""0d3ac46f-935b-4f01-b22d-84d61f476abf000"",""166e0370-658f-48e0-9746-a0b370f00e23000"",""30ca3dc4-73fb-4c0a-9e49-eff41481ad4a000""]",
"104473101","[""3c88d3b1-8547-4d71-a670-b9326053b9a9000""]",
"104902263","[""30e92fc0-d1e1-4152-a593-1d6a37f41ff5000""]",
"105214332","[""0DBAAC18CFFA422EA137FE909DDEDA17000""]",
"1054036","[""7f7dbfd2-a52d-4914-8b62-291d15562e05000"",""ce2679fe-45e4-491e-a8fc-923c3210d9bd000""]",
"105633255","[""bfd318ab-b30c-45f9-b9d2-bc7ca1a80b9d000""]",
"106013242","[""a4dfd009-89ca-4ec5-9cfc-08b01f560b1d000"",""95473b2c-b99c-4ff4-a24b-823dd98d1a97000"",""45a26540-ea9f-4050-b8ab-46cd5f034360000""]",
"10619656","[""014077ae-0b0a-4179-b4fb-9c223b2a5564000""]",
"1069475","[""21f6d69a-8c17-42d6-b68a-18cd623462a2000""]",
"107429348","[""320eb4d2-de15-463b-82e1-380bea3ccbe0000""]",
"107674932","[""fe70f340-5193-42f2-af33-cd006aaa542f000""]",
"10793733","[""d1c1349d-0d2b-4437-a5c8-cf6bd99e9a34000""]",
"108242106","[""8670b252-df41-4af1-8fed-6747951ceda6000"",""166e0370-658f-48e0-9746-a0b370f00e23000"",""97772d5d-c720-11e1-913c-5cf9dd2e7135000""]",
"10865822","[""d804b838-fd43-4562-b271-63e006645f60000""]",
"109500062","[""78638dd3-c0a6-4948-8f76-3644bd21e054000""]",
"109785614","[""30ca3dc4-73fb-4c0a-9e49-eff41481ad4a000""]",
"110315395","[""e1dce1a8-849a-4a5f-a5ea-3435278b5b04000""]",
"110435975","[""125749278861200000"",""9efe6d53-1201-47e2-8aee-cbdc6d2d7b47000""]",
"110596915","[""97f87020-0320-4bd3-bc4f-8a22d5c4354b000""]",
"110656188","[""412018ab-be06-455e-818e-722309d8bad9000""]",
"1107571","[""86f274fe-0bcd-4f0d-86f5-7cebe57d1fc8000""]",
"110794967","[""126708937434672000""]",
"11119957","[""9dcf38c5-baad-4ecc-9a4e-0c118b666c25000""]",
"111750216","[""73ee80db-881d-4486-894c-918ffadd4c36000"",""142899442690229000""]",
"112193075","[""95d020e5-c720-11e1-913c-5cf9dd2e7135000""]",
"113268708","[""2a4d73c2-de2f-4f80-89db-6d38392eb28a000""]",
"113478131","[""fa6d3297-4981-4380-a249-02591439d4ca000""]",
"114151269","[""c1e11162-2f74-46b6-847d-3e3b4803e42c000""]",
"114302799","[""c0885acf-d94a-46fa-8013-1ecf37abe02d000""]",
"115366043","[""a4e8d1ae-9866-4308-913a-510112787e62000""]",
"115591402","[""21751f26-aae7-4018-b35e-a6c9964ac1c8000""]",
"115683099","[""9cafb26a-0d19-4e03-a0cc-373537be7aef000""]",
"115937634","[""138181403941776000"",""9469444c-3cef-4f9c-aa2f-5d6af524a308000""]",
"116152598","[""96831121-c720-11e1-913c-5cf9dd2e7135000""]",
"116211840","[""dcfa7f1c-16ef-4717-b077-755a099a1d4d000"",""ac61d8e4-4b78-46ac-8df6-f22e22e9a19d000""]",
"116214029","[""c00088a2-a95e-4049-a724-e7117ab862e0000""]",
"11635909","[""6cbf20ec-3fb9-4a14-b7d3-0f3761c29a58000"",""91e8636b-ecdb-4f8d-8b8a-dd2cbf548b50000""]",
"116501944","[""227f54d6-4a4f-4d17-94f2-b15ea5805a31000""]",
"116833892","[""138327387817209000""]",
"116914066","[""059b24cc-5dad-442f-a102-9017c379b03b000""]",
"117144313","[""dcd48e5e-12ca-4656-9051-7cdf87170bea000""]",
"117181203","[""978fb3ae-c720-11e1-913c-5cf9dd2e7135000""]",
"117281719","[""cce57427-3aae-492b-87af-4d36ccc60ca2000""]",
"11775260","[""a9df30b4-215b-44f4-b41a-faf4c76498bb000"",""4658b244-812e-4a72-8dfb-dcfa3bfd83b7000""]",
"117755343","[""959f2099-c720-11e1-913c-5cf9dd2e7135000""]",
"11795207","[""ebe785b2-54cb-4739-ae4d-73f881986706000""]",
"118301838","[""28b47c41-9505-47ba-85b8-1a9affc24fc7000""]",
"118390242","[""71404c97-461a-47ee-9ca5-7223a3b4b8ef000"",""e4788d73-2942-4a58-b249-47614c2302c1000"",""4b9cb22f-7c93-4683-af23-f2f263324466000""]",
"118484564","[""8765628f-08ad-460d-a0eb-e59325c81ad8000"",""18afb35d-520a-4d28-8e3f-e08f8135b5da000""]",
"11890892","[""0ccdcb58-16bf-4bdf-ad73-e71f2aedba5b000""]",
"119372753","[""19bed846-a2a4-4f2b-b2f0-3c770b68c248000"",""cf25f9cd-ebb3-47dc-9ee5-dc311a1fdede000"",""8b34b404-3e3c-473e-932e-e9cfc001f1a8000"",""e8ca0ffd-a94f-4e98-a82f-1947c1d6d570000"",""55b3f79c-63a3-42ca-8b9c-9e4aca235f4c000""]",
"119472514","[""4cc7b35b-73a3-4264-90a5-fa9e892f841c000""]",
"119965915","[""918ef738-8db7-49b9-836f-c2e941547769000""]",
"120157806","[""313844e4-090e-4418-b436-a517fa71cfcd000"",""29a14654-6058-4398-bb16-f32989acccdd000"",""c81aabf6-c55e-46ed-968f-0e9d6731ed58000""]",
"120165110","[""f15f86aa-7ce5-4bd4-92f8-d3331240d620000""]",
"120198824","[""d70c3104-933c-48c7-9d17-3b8c7dcecc1f000""]",
"120429589","[""f7908706-4818-4bc5-89cf-31dd991b4555000""]",
"120442741","[""3efe8b69-82f5-4b44-9390-9afc044c6ba8000""]",
"120518328","[""4ecd17b8-8ef9-4f46-ba7c-833a863b5840000"",""0491ac24-e997-48d2-ab20-94f598b2774c000""]",
"120528483","[""e12774a4-c8bb-47be-aa41-3eb4c8ef5fc3000""]",
"120583359","[""a3773d10-0b66-4b91-aeab-65db048c1d35000""]",
"120640594","[""4b7b8f29-ba66-42e5-9f1b-9fa4e2e3ae8e000"",""dfacfaeb-51b5-4ec0-aa49-2f732ee4011e000"",""a6bd3cda-493d-410e-9595-45cd15afbcb8000"",""ac61d8e4-4b78-46ac-8df6-f22e22e9a19d000"",""3e817610-77ae-4c03-b779-6fb90787e955000"",""006011a3-d02d-4697-8891-ec29719891fc000"",""33e0f7d2-9a11-4b25-9211-239a6742934d000"",""96be81f2-a122-4964-abeb-a8cb7a0647fb000""]",
"120781576","[""086931d8-ed89-4d31-939f-e9964f38897a000""]",
"120832149","[""6e3e6de9-6d7e-4344-a0b4-a1623538f7b4000""]",
"120854638","[""73539760-a89f-4722-b343-3009d107e71e000"",""f908e3df-456a-4838-b552-1855b68d2800000""]",
"120883213","[""243498fc-96c8-4f41-99ec-c6d62f185015000""]",
"120905230","[""ef96cff1-f0cc-4fe4-9108-0ed70cb33e44000""]",
"120941150","[""0dbe9e5a-0d42-4470-bb2f-edf96b06b2f6000""]",
"120969383","[""8aa05ffd-51fe-4ba8-9fcf-a0fdb55aae71000""]",
"121003155","[""1632573f-292e-4b5f-b3ea-5259d046729f000"",""dc617cef-f8a7-46c1-9d4c-6d6653434f6a000""]",
"121045659","[""a848359a-dafe-445a-955a-93b5f781221e000""]",
"121109091","[""54a82bf8-62f9-4920-8a1c-c247c9a4d89a000""]",
"121221495","[""96591c89-c720-11e1-913c-5cf9dd2e7135000""]",
"121269482","[""631f688b-5533-4a8e-9bce-1b2ef62af2b2000""]",
"121357641","[""0e50dac2-4929-4065-9349-5e1171b6082b000"",""35d7eb5d-74a8-4eb5-93e4-f128ae205937000""]",
"121363840","[""18afb35d-520a-4d28-8e3f-e08f8135b5da000""]",
"121370738","[""4f38e205-cecc-40e0-aca4-a24194d293a0000""]",
"121389899","[""e0f0fd07-56bd-4610-a085-b3e532d58246000""]",
"121445993","[""6ad04003-29c4-4537-8c5f-88eef737b68d000""]",
"121455893","[""29a14654-6058-4398-bb16-f32989acccdd000""]",
"121457374","[""859c9619-5519-4ac4-92a9-241681013b61000"",""fd033c39-5b20-40f4-b687-2fb724442ebc000""]",
"121492944","[""103342fa-f978-47f6-9152-693c2369e3f3000""]",
"121504726","[""9675a9fe-c720-11e1-913c-5cf9dd2e7135000""]",
"121585332","[""351214d4-f760-4c5e-b997-9bdc6bf5fcc4000""]",
"121598576","[""9cafb26a-0d19-4e03-a0cc-373537be7aef000""]",
"121602612","[""96591c89-c720-11e1-913c-5cf9dd2e7135000""]",
"121653235","[""95a4fd01-c720-11e1-913c-5cf9dd2e7135000""]",
"121742782","[""05E6A3A59018337AE0530F01A8C015FC000""]",
"121822471","[""b1ad78ab-5af1-4487-8048-3ef060a58dc6000""]",
"121884501","[""c0dde1f9-d563-4c6c-9190-374748c5ab1a000"",""523456f3-5183-4190-ab01-d28699035d59000"",""412018ab-be06-455e-818e-722309d8bad9000""]",
"121921628","[""93c34111-fcbf-4803-ac02-72c158f1bf42000""]",
"122002441","[""79d11577-fb31-432d-88a0-e9c8941b0c73000""]",
"122020040","[""234b63b9-2724-47d7-bb58-0ef74ca7bd13000""]",
"122021929","[""d499eefa-a56d-44c7-b4ce-992d28e1f2b0000"",""6b454eb7-68b7-4f10-964b-ab7473cda5e0000"",""f908e3df-456a-4838-b552-1855b68d2800000"",""97717420-c720-11e1-913c-5cf9dd2e7135000"",""6ca376bd-d38b-460d-b9e3-ff18c5bfc983000""]",
"122062903","[""3641884e-d352-469e-9402-df2f61186d5f000"",""6ca376bd-d38b-460d-b9e3-ff18c5bfc983000"",""15c12aaa-fed5-4cbb-aa4f-72dd3760c71c000"",""04707b90-b8f5-4725-9169-440318320f1f000"",""96d046c6-c720-11e1-913c-5cf9dd2e7135000"",""d499eefa-a56d-44c7-b4ce-992d28e1f2b0000"",""a234cf5e-5372-4760-a150-da30b119f4d2000""]",
"122064548","[""45a26540-ea9f-4050-b8ab-46cd5f034360000""]",
"122067981","[""2a468343-7e6b-4b52-91f4-36ec25741f21000""]",
"122085995","[""952f6816-c720-11e1-913c-5cf9dd2e7135000""]",
"122086875","[""f7ba66ae-784c-4c85-aeb2-fba9ef1d85fb000""]",
"122112045","[""d5f198ba-f5d6-4637-b589-5d1a4d469c0e000""]",
"122129705","[""ca15f22b-b5d2-45bb-bfc2-3ac5deaf356a000""]",
"122140656","[""dcd4e9ee-54e0-4378-9b47-eaa843dd4362000"",""093b0b76-0e7c-40e5-9147-69f555039fd3000""]",
"122222524","[""9752890c-c720-11e1-913c-5cf9dd2e7135000""]",
"122247983","[""0ea8e0f1-a562-45e2-868f-5edfa0a00cd5000""]",
"122286461","[""caf4e55e-cefb-481d-ae38-936615cbfa7a000""]",
"122334561","[""18afb35d-520a-4d28-8e3f-e08f8135b5da000""]",
"122349027","[""8e0bbe37-0471-426a-84df-e682a15ab15c000""]",
"122408846","[""8e415f00-9579-4f11-a729-80352e6aabc8000""]",
"122435339","[""819ecccf-ab36-4940-b14c-8242fd97ab2a000""]",
"122522785","[""03C75DAD36C510C7E0530F01A8C0CA32000""]",
"122559467","[""8670b252-df41-4af1-8fed-6747951ceda6000""]",
"122612868","[""7367362e-c437-4936-a5de-fd45a9283362000""]",
"122631564","[""97772d5d-c720-11e1-913c-5cf9dd2e7135000""]",
"122639013","[""9c0ae1cc-5049-4c04-ae49-3aff70cb4933000""]",
"122667553","[""548a2afc-bbea-4045-94ef-df094505e3d7000""]",
"122699855","[""78838c5e-316b-4207-8b1d-71a07b94f1d5000""]",
"122807853","[""72f1e39f-5951-40d9-a8e2-d2ff49949187000"",""a094be35-de6e-48d3-a6d0-1b0ca6ed3bff000"",""2c7b0662-bc6c-4e5c-b471-5f403f6079c6000"",""e0f0fd07-56bd-4610-a085-b3e532d58246000""]",
"122809328","[""7812eeec-9025-40f5-b53a-4827a8252d0f000""]",
"122816359","[""1d602762-9912-4cbe-855a-03f510a29ca0000""]",
"122841977","[""86afb46f-2776-481b-bb6b-c3d8d166977d000""]",
"122843724","[""412018ab-be06-455e-818e-722309d8bad9000"",""9607e12e-c720-11e1-913c-5cf9dd2e7135000""]",
"122854105","[""234b63b9-2724-47d7-bb58-0ef74ca7bd13000""]",
"122867295","[""c81aabf6-c55e-46ed-968f-0e9d6731ed58000""]",
"122921575","[""126708937434672000""]",
"122939345","[""c1e11162-2f74-46b6-847d-3e3b4803e42c000"",""a5cd006b-bfd0-4955-9a22-69103cef9e42000""]",
"122975694","[""1b9b9f41-ed7a-4865-bb2d-f2808c2eaaaa000"",""244ef5ea-a6e6-4f8b-a42a-32c77f777108000""]",
"122987265","[""b11dc2fa-1985-4f1a-949a-a297d0a5619b000""]",
"123059803","[""9cafb26a-0d19-4e03-a0cc-373537be7aef000""]",
"123064852","[""f66078fc-bd5d-439f-9b5c-eb34db5235ab000"",""6599ee00-b8d7-4c4b-af57-8da396f3d78a000"",""b7724403-dbf3-4223-9530-7818ad114145000""]",
"123068332","[""c590d45c-78f4-4f38-a04c-f4d6d76120fe000""]",
"123109856","[""45a26540-ea9f-4050-b8ab-46cd5f034360000""]",
"123131876","[""95a4fd01-c720-11e1-913c-5cf9dd2e7135000""]",
"123141870","[""450f8150-a07b-4f02-a184-8895f34e1d08000""]",
"123144778","[""79a5290c-88d4-408f-851f-ed9d81e57d69000""]",
"123163827","[""5b35d51b-0b20-4462-8fa5-b85f8ef70d2c000"",""f93b698f-d724-4cb9-8d1f-32113f9b1872000""]",
"123208566","[""05f372fe-d7fa-4ac4-877c-04b68c8d3dbd000""]",
"123302280","[""7d6ba5cd-e79a-4d52-8ffc-e052aeef1689000""]",
"123305765","[""c4c19fee-fb06-44a1-8624-4c3beaea21e2000""]",
"123311124","[""a848359a-dafe-445a-955a-93b5f781221e000""]",
"123331667","[""e3c6e431-9b6c-495d-9a91-92f95d19f0ef000""]",
"123393274","[""97914d5c-c720-11e1-913c-5cf9dd2e7135000""]",
"123397168","[""4291e1b1-8a73-4c05-a3f2-b2a60bddf7ae000""]",
"123398832","[""dcc5d13c-6682-4da8-86f4-7365882e1eb8000""]",
"123402414","[""126500551035897000""]",
"123416007","[""53b455c2-773a-40f3-8f78-9b1feadd7d89000""]",
"123445191","[""dc7e6c63-9971-43c5-a5de-d8bce328bfae000""]",
"123481251","[""13157282-8e26-465f-ac11-5e8619d1c26d000""]",
"123503415","[""90ccd4ff-c15b-4bce-885e-80750b0a54d9000""]",
"123519034","[""3c0a6810-3d3b-4cac-aef8-5dd6ac3e0d95000""]",
"123521365","[""d8073afe-f868-4f4f-ba90-d81248eefa92000"",""9714faa7-f258-4793-9f8d-6d800e8bb2ed000"",""fc666a69-c9b9-4ab7-be75-025b62dff08c000"",""57ab4e8e-df58-4b3a-a130-c1079ef72c48000"",""00f09142-435a-4c74-b7bb-81cfe0e92967000"",""8e85eb4f-d71b-479e-9236-f3f1c1b8390e000""]",
"123536294","[""a7025aab-2404-4b11-ba22-6b3b876093d4000""]",
"123538244","[""320eb4d2-de15-463b-82e1-380bea3ccbe0000""]",
"123539740","[""f94719ce-6f5a-48d8-b88e-30414fdbdfa0000"",""9b975096-fe53-4656-8fc7-62ed7af24099000"",""9699384f-f105-489e-9498-cb5287b0529d000""]",
"123559401","[""6c11c79b-cc5a-4810-9d9d-1d27415851c7000""]",
"123579289","[""da9f3ab8-57ce-4c9d-ae85-50e9b5d49648000""]",
"123601792","[""2897a9ac-ff7f-4f0d-9d16-fa6b08100889000""]",
"123607406","[""c09da05b-f9c3-46c1-88aa-e05026945be7000""]",
"123613507","[""9b7c9b28-4241-4389-8e4f-3852baa4cce0000""]",
"123635694","[""c9f2ce45-de3d-456f-89bb-148ab1266fce000""]",
"123647026","[""97f87020-0320-4bd3-bc4f-8a22d5c4354b000""]",
"123649224","[""36970324-0028-4374-b6e0-b1d5624173cf000""]",
"123661741","[""9cafb26a-0d19-4e03-a0cc-373537be7aef000""]",
"123671171","[""d0c87d30-2b51-4d19-bfbe-413d2b1b4d6c000"",""505c8bfe-44c6-430f-a9b6-e7ea9539d463000"",""5a6d4841-1f53-4b34-a994-e2d8482471c5000"",""2669e66c-ad35-490b-bd36-378999383cf1000""]",
"12369275","[""5a26ee45-699b-47e5-b267-a12e3140bfce000""]",
"123705305","[""93c34111-fcbf-4803-ac02-72c158f1bf42000"",""95bb27f9-c720-11e1-913c-5cf9dd2e7135000""]",
"123707220","[""e2a9e5fc-9270-4086-a264-bb569baab729000""]",
"123713807","[""125810889472392000""]",
"123752921","[""5e6c0c32-fa1a-4d3c-809a-e08747ba4663000""]",
"123781442","[""4c94ec67-2322-4db2-a8f3-949c42a8b283000""]",
"123785464","[""0186a55d-a22c-4e6f-ba19-cf771665157d000""]",
"123786569","[""be556821-68ac-4f27-8587-ca590640e819000""]",
"123815571","[""95ccfea8-c720-11e1-913c-5cf9dd2e7135000""]",
"123834650","[""380f7e2e-27c2-438a-96c3-e431db3043a5000""]",
"123883611","[""5ba47f0a-93e2-423a-9d69-b6af5dd8d42c000""]",
"123893730","[""e12774a4-c8bb-47be-aa41-3eb4c8ef5fc3000"",""380f7e2e-27c2-438a-96c3-e431db3043a5000""]",
"123898319","[""c868b00c-d4fc-4c7d-9aaf-4c402db9eae5000""]",
"123916971","[""027c8cf6-ee28-4808-902f-237a17cea975000"",""04351d76-e7b5-4d10-848e-4eda60ecefb5000""]",
"123942820","[""d47930fb-941a-4a3d-8c52-fde85be1531e000""]",
"123949591","[""d3f8480c-c629-42f4-a2be-1f7ff2b7e7ce000"",""4dc1c220-3967-4b7f-a60e-b814e977beb5000""]",
"123963700","[""c868b00c-d4fc-4c7d-9aaf-4c402db9eae5000""]",
"123966951","[""ef0c7603-504e-4290-8db8-55249ed2cd45000""]",
"123991320","[""14a869b0-9026-403f-8123-69feafe00e9a000""]",
"124002058","[""6c11c79b-cc5a-4810-9d9d-1d27415851c7000""]",
"124022863","[""025035c7-2f78-476d-a085-e3666bd773c7000""]",
"124026676","[""d87dc987-2c09-41de-8f6b-2f8c1b608328000""]",
"124028698","[""33287987-e913-4a74-9253-74a21c1ab0fa000""]",
"124044050","[""27a3b7aa-d316-456c-aca2-29ca6b7907c3000""]",
"124046407","[""935da7b5-acb7-402a-9ee8-6ef963b4d6fd000""]",
"124051139","[""ee12f8c5-a891-4e8a-a5c5-69e716dc16c0000""]",
"12405279","[""5060efb6-9125-4fc0-a3c7-d3fd61315a0b000""]",
"124056849","[""e02ae19e-16ef-4545-9ef3-0c1a60c526d2000""]",
"124058330","[""b50970cf-c8d1-483e-ae1a-ecdaf352b548000"",""FEC007C4F15E1EF0E040A8C00F012C86000""]",
"124059841","[""96f0408b-c720-11e1-913c-5cf9dd2e7135000""]",
"124065866","[""79dbed19-cfae-41a1-9888-cee7b0d16375000"",""927802f7-22d8-4e14-8f77-c633f737bf2f000"",""ddcfc94d-c291-42cb-91d8-3d94de892bb0000""]",
"124069091","[""b3646c48-bc9b-4330-8647-7a91d3a6f797000""]",
"124070186","[""f66078fc-bd5d-439f-9b5c-eb34db5235ab000"",""1971b159-6582-437c-9d45-348c74f5a594000"",""93c34111-fcbf-4803-ac02-72c158f1bf42000"",""8665ea64-2eff-4617-b659-25fca368da25000""]",
"124076066","[""d9b3bea5-1669-433f-ab22-2575776e94c9000""]",
"124077890","[""39831133-36f5-4926-a5cf-97d21dc50367000""]",
"124083235","[""c4a2d852-4604-4cb2-9410-bf55e2024c91000""]",
"124088311","[""7093afa3-f914-4763-95d9-78479c7054e8000""]",
"124091479","[""e95c58b4-9141-48bd-88bf-ec56190ed30e000""]",
"124093443","[""d9a0ba5d-c3dc-4afe-b51f-84b95cd514c8000""]",
"124094506","[""a9116493-d5e9-4641-9f21-cde8d052060c000"",""c4b91b40-ba8b-4f37-bc0b-dac1095190d2000"",""012150ab-548e-4e80-aa51-457c28c12d5d000"",""c990289c-a086-4d87-91d1-d00716205d43000"",""963925e9-c720-11e1-913c-5cf9dd2e7135000"",""4029fcbd-8853-4b6b-869d-f67215560e0e000"",""2c4654ba-73b6-4708-a264-382c2ab0757d000""]",
"124094826","[""0d3ac46f-935b-4f01-b22d-84d61f476abf000"",""6a7c875d-a43f-4628-8a29-660186634ffa000""]",
"124095560","[""f24c7c5b-7e32-4dfd-9b52-ced47b7c7b26000""]",
"124098725","[""50b8afc2-54e4-49e5-a3f9-74a4ae15fc35000""]",
"124099181","[""3e817610-77ae-4c03-b779-6fb90787e955000""]",
"124100098","[""8765628f-08ad-460d-a0eb-e59325c81ad8000""]",
"124100153","[""4794DA43CF2C41999BFEDB26EA8AF27E000""]",
"124100881","[""c296fa70-633e-4b1d-bdad-28c7b75806f7000"",""1b953a64-3dbd-4a68-9471-5d2d0f35dd42000"",""e73584e2-955f-4626-92a6-f1844e6716b7000""]",
"124101130","[""26ce6cce-b0e2-445a-95bb-67b725863ce2000"",""17a7ab17-3759-4107-8b61-ed3ffbaaad84000""]",
"124103541","[""58a78461-1ce4-4712-9bd2-a33f91c0843a000""]",
"124103554","[""dcd48e5e-12ca-4656-9051-7cdf87170bea000""]",
"124103919","[""65b37dfa-a6b6-49f7-91bd-d61f2d88f170000""]",
"124104537","[""103499de-c3b0-4e63-b4fc-1caa3c046c3a000""]",
"124104945","[""9b7c9b28-4241-4389-8e4f-3852baa4cce0000""]",
"124105685","[""dc617cef-f8a7-46c1-9d4c-6d6653434f6a000""]",
"124105859","[""97ac43ad-c720-11e1-913c-5cf9dd2e7135000""]",
"124105917","[""bd225b35-daf3-4e59-9e78-ee213cded0be000""]",
"124106585","[""d1daf162-99f8-44fb-aca5-56ffcb4b3ffa000""]",
"124106778","[""93c34111-fcbf-4803-ac02-72c158f1bf42000""]",
"124108034","[""4139bcd5-eb7f-408e-9025-a6622508d8f1000""]",
"124108641","[""ecf24fab-fef8-4a55-a910-885c93f5ff6b000""]",
"124108914","[""FEC007C4FA871EF0E040A8C00F012C86000""]",
"124109304","[""5d388c09-a4c4-4912-b099-93bc02d8c118000""]",
"124109673","[""7a272ef2-07b4-46f6-829a-2c4a2917958d000""]",
"124112535","[""0186a55d-a22c-4e6f-ba19-cf771665157d000""]",
"124114255","[""96465525-c720-11e1-913c-5cf9dd2e7135000""]",
"124116171","[""ac084298-e56a-49c9-961d-276f59f315f8000""]",
"124119085","[""96add7e2-c720-11e1-913c-5cf9dd2e7135000""]",
"124119755","[""234b63b9-2724-47d7-bb58-0ef74ca7bd13000""]",
"124120223","[""615f934d-51a9-46ad-9d56-2037ca7825c8000""]",
"124121325","[""28b47c41-9505-47ba-85b8-1a9affc24fc7000""]",
"124121660","[""a2820702-d41b-4078-b3df-bc477eb7aca7000"",""dcfa7f1c-16ef-4717-b077-755a099a1d4d000""]",
"124123864","[""29a14654-6058-4398-bb16-f32989acccdd000""]",
"124126671","[""c8c3ab13-1a1e-4c57-a8cd-8755303d130a000""]",
"124126679","[""eeecab22-12af-4eb8-b4b1-ffbe4c43f258000""]",
"124128363","[""1633834f-0c22-4afc-972c-1559af42b451000""]",
"124128527","[""a08fbf06-db2c-408e-887e-fa90be44ffe6000"",""bfcd00dd-c1eb-4691-8a86-15dfe319e322000"",""c7aafb56-25c4-4f9d-9f78-76e0993930ec000"",""f91785b3-7d71-411b-a980-5b22eadc45c9000"",""f66078fc-bd5d-439f-9b5c-eb34db5235ab000""]",
"124129549","[""05E6A3A59018337AE0530F01A8C015FC000""]",
"124129627","[""4dea24ab-491d-4a1f-a451-3c087a24a13e000""]",
"124129632","[""f853c472-8911-4532-b483-86642cb52d83000""]",
"124131247","[""975f33bb-c720-11e1-913c-5cf9dd2e7135000""]",
"124131344","[""93fadede-3707-45e5-9a26-618f203f3fb2000""]",
"124132304","[""1994427b-cb59-4ace-a5cd-b127d01b3eb8000""]",
"124133746","[""d43cae0a-0b86-417d-b05b-a72335c0ef11000""]",
"124134033","[""6a7c875d-a43f-4628-8a29-660186634ffa000""]",
"124136240","[""4f38e205-cecc-40e0-aca4-a24194d293a0000""]",
"124136942","[""006011a3-d02d-4697-8891-ec29719891fc000""]",
"124138636","[""004843ee-7cd1-4926-86cc-a300696f9ed2000"",""ffc8f1fa-71bc-40a7-8dfc-9211fb9836dd000"",""719ca358-65a4-45ed-b0a6-2be4d312294d000""]",
"124138747","[""138181403798579000"",""60c5143e-40b9-45c4-a7b8-949aeb0bb2b8000"",""9e9c6697-b5a4-437a-a26f-17d1816f13f0000""]",
"124140729","[""2291ad42-0552-4f8f-9830-41043627db76000""]",
"124141644","[""c5a97356-3dea-4ef2-b017-a989a04cc6a6000""]",
"124141648","[""9763abdd-c720-11e1-913c-5cf9dd2e7135000"",""9667cab3-c720-11e1-913c-5cf9dd2e7135000""]",
"124142187","[""afb61828-89f8-445b-9073-a64f89b2abef000""]",
"124143566","[""320eb4d2-de15-463b-82e1-380bea3ccbe0000""]",
"124147228","[""9e9c6697-b5a4-437a-a26f-17d1816f13f0000""]",
"124149318","[""00F28353915FBA0AE050A8C00F017471000"",""d0c87d30-2b51-4d19-bfbe-413d2b1b4d6c000""]",
"124149619","[""96768544-c720-11e1-913c-5cf9dd2e7135000""]",
"124150054","[""60320d02-b451-486a-a9a2-3c61d0681c30000""]",
"124151559","[""86b8acf3-d582-4816-952b-5bcf3f207050000""]",
"124152581","[""4c94ec67-2322-4db2-a8f3-949c42a8b283000""]",
"124152806","[""9dec4b15-e3b9-48c3-9439-68a0ea39eb32000""]",
"124153789","[""3790902b-cc43-4b8b-a180-af14c1c57c27000"",""880e38fc-ae44-46c6-b972-cb88706586be000""]",
"124156625","[""45a26540-ea9f-4050-b8ab-46cd5f034360000""]",
"124157270","[""b7ce55d5-1a36-4f95-a4a2-d6f96da255c1000""]",
"124160660","[""29293f54-0c99-41c0-a725-dd982a0ed475000"",""6b03bc60-7fb3-4558-b69b-6ad0a906c932000"",""448dea04-52d2-4bbb-8539-b778bc6fca0d000""]",
"124162445","[""18afb35d-520a-4d28-8e3f-e08f8135b5da000""]",
"12546034","[""6c8b4859-ec17-441e-aac3-745b0604f034000""]",
"12560356","[""8ad406bf-d5f8-41dd-84f8-e1d7e6a5ae81000"",""636ef47d-e0ce-4719-b0da-ca065c33d5e2000""]",
"1268770","[""c70a1f40-c883-4647-8335-2f5b57159b9d000"",""3417b600-b25a-4df9-8b06-2e5006487182000"",""97717420-c720-11e1-913c-5cf9dd2e7135000""]",
"13533606","[""78638dd3-c0a6-4948-8f76-3644bd21e054000""]",
"13651092","[""17975d56-01f8-43c5-b657-8bc4d0b2d761000"",""4f38e205-cecc-40e0-aca4-a24194d293a0000"",""4b0c3ec3-afd1-4a60-b34d-19da447d7f53000"",""fbd4cf90-ff42-4126-9505-cbc107c1880a000"",""dfacfaeb-51b5-4ec0-aa49-2f732ee4011e000""]",
"13698070","[""dcd48e5e-12ca-4656-9051-7cdf87170bea000""]",
"13736010","[""816179f1-72a7-4263-83b4-60261a39cf50000""]",
"13771769","[""9fc80284-cfef-4fa6-aee9-e349a4cf4321000""]",
"13975441","[""5305da85-0437-449c-be02-3036466a3e5a000""]",
"13979671","[""29a14654-6058-4398-bb16-f32989acccdd000""]",
"1398494","[""2164b066-498f-41f9-8060-6e7b75e42db9000""]",
"14227130","[""4f916f5f-d23d-4089-9e3b-f6a00b958066000"",""a07d36c4-98d7-4463-99be-cdd2ada1d9ed000""]",
"14362551","[""78638dd3-c0a6-4948-8f76-3644bd21e054000""]",
"14647247","[""ac6932f1-bed2-409e-96cd-6a54c40d49c4000""]",
"14671210","[""70596343-9492-45a3-aacc-d2d9aca351eb000""]",
"14721209","[""8878ab1c-4d05-4454-aff9-4f304e0472ea000""]",
"14724969","[""9612da22-c720-11e1-913c-5cf9dd2e7135000""]",
"15014401","[""c5482757-708e-4878-93af-4f3b5b68fc7f000"",""959bf1a9-c720-11e1-913c-5cf9dd2e7135000""]",
"15018241","[""eb316cde-e726-4879-ac1f-5c7e68b27a69000""]",
"15045973","[""3e715e52-3c0b-4c2e-ae0c-2200a6a17cca000""]",
"15071524","[""234b63b9-2724-47d7-bb58-0ef74ca7bd13000""]",
"15119274","[""5f9044d8-619b-46cf-8516-73d4f3a4e1b1000""]",
"15185847","[""d2161d44-17a6-46a5-b442-2e07c981b035000""]",
"15366829","[""e89056da-ab57-426a-a6e9-b511d1361b05000""]",
"15530962","[""03e8af13-85b7-497c-bce5-aacc35166a4d000""]",
"15649044","[""682bb27e-b630-4b6a-8496-09e9eea9dee2000""]",
"15862529","[""73d6bab1-4447-4db2-a20a-23ab2fc581f1000""]",
"160722","[""125749466901888000""]",
"16355098","[""ae47e635-9330-4c65-aae9-5ee9d14e9356000"",""04b48155-f412-4c49-a924-d45c71df1b61000""]",
"16464638","[""959bbc63-c720-11e1-913c-5cf9dd2e7135000""]",
"16478276","[""3e3b02c1-a30b-4d59-8cda-bb40562a7e10000""]",
"16620149","[""f61cfe65-f67c-44bb-8883-c2cb002465a4000"",""c4a2d852-4604-4cb2-9410-bf55e2024c91000""]",
"16634381","[""125990065608387000"",""0cb587f6-3793-4f50-9f46-c32386b7a950000"",""130389126234240000""]",
"16731909","[""234b63b9-2724-47d7-bb58-0ef74ca7bd13000""]",
"16745136","[""74b17019-b615-4b23-bc49-83216facc9c6000""]",
"16835325","[""0ccdcb58-16bf-4bdf-ad73-e71f2aedba5b000""]",
"17001346","[""9520e719-c720-11e1-913c-5cf9dd2e7135000""]",
"17155781","[""d9a0ba5d-c3dc-4afe-b51f-84b95cd514c8000""]",
"17160754","[""5cf44fa0-aec0-4886-b2e1-8d7911052c52000""]",
"17258184","[""79a5290c-88d4-408f-851f-ed9d81e57d69000""]",
"1760090","[""790ad345-1950-4acc-bc19-970ca8c502fe000"",""ec6517e5-afd8-4d85-8cfe-016e968096d5000""]",
"1771208","[""7a6155f5-90b3-4b0e-b854-2692141dd835000""]",
"17735988","[""4daccd81-ca09-4fdb-ba3f-06aa19045e13000""]",
"17753994","[""5ab5f763-593b-4dc7-9cbc-68cb35ba24c0000""]",
"17791430","[""276bd28f-82d4-4cac-9ddf-64c3771e6aad000"",""8c33be6b-e532-4d0e-aaed-74d5cd579c30000"",""94b57a01-b815-4287-bdcb-c923ef82ebe6000"",""1f4975dc-a4a0-4430-993e-7266a3c9d4f1000"",""dc7e6c63-9971-43c5-a5de-d8bce328bfae000"",""d499eefa-a56d-44c7-b4ce-992d28e1f2b0000"",""491ffa77-b76f-4c85-8d54-0bf8bb7bd4b9000"",""ff41b094-6bee-44cb-98bd-cf85ffc581cd000"",""04707b90-b8f5-4725-9169-440318320f1f000"",""61ce1e11-7c04-4aff-bec5-d3a7d54a2adc000""]",
"18112165","[""e677be30-d0ae-4f3e-9405-c13b230ae178000""]",
"18187321","[""c2648a6f-22b5-4f6a-8ab8-c5359b242b3a000""]",
"18213984","[""4dd483fd-a92c-4a8c-8103-101db0505231000""]",
"18222299","[""78638dd3-c0a6-4948-8f76-3644bd21e054000""]",
"18413897","[""c4f86409-95b1-4a09-8ed9-fb7923b41be4000""]",
"18435973","[""5addd1d4-81d2-4ee1-827e-a32758d24a17000""]",
"1859109","[""138864826442913000""]",
"18596031","[""83539a90-058c-4f16-8247-e43b0df006bf000""]",
"1958985","[""0c0899ad-0270-43df-9ae6-49ee7f88d21f000""]",
"20291925","[""52457605-90b9-4fc5-ac5c-812b50f4bd6b000""]",
"20804136","[""d7d080b8-50ec-489a-aac2-378a6efaa711000""]",
"20881745","[""efcf510f-c066-4f6b-8645-9ae6b32763d5000""]",
"2109354","[""075ab726-0ee8-4d65-a01a-f3446dbc1a41000"",""0705f173-2f1c-4d39-a839-ec7812f0d901000"",""b636c18e-aa0c-47b2-a4c4-5cc01489a09a000""]",
"21249702","[""610a6f57-6ad5-4421-9d09-2685b988aec8000""]",
"21608976","[""45a26540-ea9f-4050-b8ab-46cd5f034360000""]",
"21753596","[""8f149d39-bf8b-4d20-a730-d3be9305f723000""]",
"22212868","[""3e817610-77ae-4c03-b779-6fb90787e955000""]",
"22582550","[""c868b00c-d4fc-4c7d-9aaf-4c402db9eae5000""]",
"23002475","[""49c67436-c471-4de3-9492-8bd474c6804f000""]",
"23276760","[""3c575198-e4f9-4a4e-92c4-4b4a1ac455ae000"",""9aedd6e1-5af8-42f3-9b7a-717969cf450c000"",""89d5d2a4-dc6b-4732-bb03-82344dc25150000""]",
"23326796","[""07996199-e5e0-4ea9-a1ff-3062a43336cb000""]",
"2340811","[""78638dd3-c0a6-4948-8f76-3644bd21e054000""]",
"23426971","[""9cafb26a-0d19-4e03-a0cc-373537be7aef000"",""50b8afc2-54e4-49e5-a3f9-74a4ae15fc35000""]",
"2348250","[""db5780ec-e64f-4ade-80e8-140d4d150ab6000"",""126708937434672000""]",
"23484276","[""75ca5258-8f39-4531-a156-1fa4ead7145c000""]",
"235345","[""819ecccf-ab36-4940-b14c-8242fd97ab2a000""]",
"23808340","[""a2c45f66-3b7f-484a-b028-9380b2fcaf63000"",""f0193b17-25fc-401b-923c-2cb780ee342e000""]",
"2417880","[""97f87020-0320-4bd3-bc4f-8a22d5c4354b000""]",
"24491237","[""c4a2d852-4604-4cb2-9410-bf55e2024c91000""]",
"24765354","[""0875ca38-2d94-4db8-983f-f5ff11db3c79000"",""f2e79a5c-e1f6-4dd5-a86e-0145088eb1e7000"",""8f4c1547-ddba-4068-8889-99e39eaa5c23000""]",
"25106437","[""103342fa-f978-47f6-9152-693c2369e3f3000"",""505c8bfe-44c6-430f-a9b6-e7ea9539d463000""]",
"25260995","[""85337693-c3ed-4a1a-b324-cb48460e727f000""]",
"25490270","[""927c530b-10b8-4964-b4df-88b2357b6dca000""]",
"25548902","[""202db161-ce4b-4f10-bb60-d92bb3ee08de000"",""1e52eeb4-d8a3-499e-816b-80f11b66736d000"",""2a0ff50e-d57d-477b-8c53-8fcc2afe0072000"",""64968dab-1ed3-4ef0-8d48-42d8100cdaf7000""]",
"26227543","[""6ca376bd-d38b-460d-b9e3-ff18c5bfc983000""]",
"26265909","[""4daccd81-ca09-4fdb-ba3f-06aa19045e13000""]",
"26593905","[""3a23bf0a-ebe7-4d73-8c4e-692a10575e04000""]",
"27158939","[""140548785132138000""]",
"27253227","[""354a423d-ed2c-4da6-8dd5-82725a0f221a000""]",
"2736695","[""46549057-6dd6-40bd-9816-6c8a4f424c61000""]",
"27640023","[""5d3d8bb9-df2f-4e8d-9357-0d786ce2ad3d000""]",
"27754015","[""b634341c-fb39-43de-97de-0b9865294e4b000""]",
"27871377","[""453a403a-5604-4b34-bcae-c3f0062fd7f0000""]",
"28086137","[""972e08a1-c720-11e1-913c-5cf9dd2e7135000""]",
"28270196","[""478b6e6f-52b5-474f-bbd7-69acf3458619000"",""04707b90-b8f5-4725-9169-440318320f1f000""]",
"28351576","[""5046be2a-b17f-47e8-8569-8cb4952e4dc8000""]",
"28405193","[""1dd53f21-4cbd-4a5e-9454-c8bfbce04043000""]",
"28452294","[""ee12f8c5-a891-4e8a-a5c5-69e716dc16c0000""]",
"28466309","[""2164b066-498f-41f9-8060-6e7b75e42db9000""]",
"28972884","[""819ecccf-ab36-4940-b14c-8242fd97ab2a000""]",
"29158748","[""adb8e813-e7be-42bc-aff5-69a0a74ae7e6000""]",
"29319695","[""ac61d8e4-4b78-46ac-8df6-f22e22e9a19d000""]",
"29458902","[""bd5084db-a24e-4ae0-8a96-f46402dad8b1000""]",
"29479901","[""f381e901-dbd4-469d-9164-fd28e2258f57000"",""09ac8a60-b364-4041-a952-9beb102ad684000"",""86afb46f-2776-481b-bb6b-c3d8d166977d000""]",
"29860707","[""8563bdcb-850d-449c-bfcf-0a3451db8f81000""]",
"30122673","[""6fd0b642-4e0e-487a-8b6e-363a02a85649000""]",
"30350841","[""77f1e105-e14f-472e-a3de-03a4b35d0161000""]",
"30410303","[""21f6d69a-8c17-42d6-b68a-18cd623462a2000""]",
"30488823","[""5addb7be-ffa6-44c0-9802-284198e8ef53000""]",
"3050896","[""02aa688d-e774-4f8f-926f-6e8292e8a7f8000""]",
"3085090","[""b1a4f78d-9aca-4900-9093-2b3116c5f36b000""]",
"30858446","[""3ec0cb12-a1d6-4b4e-8778-8ac4713227d8000""]",
"31475911","[""b27d38fb-7c5a-4f2f-a0fd-3b3253fcf5a7000""]",
"31946580","[""dcd48e5e-12ca-4656-9051-7cdf87170bea000""]",
"31962047","[""b634341c-fb39-43de-97de-0b9865294e4b000""]",
"31965320","[""9cafb26a-0d19-4e03-a0cc-373537be7aef000""]",
"32114442","[""03C845975D9D1784E0530F01A8C0DDC0000""]",
"32305477","[""e4dfc6f0-300d-4808-8190-8ba4de50cf29000"",""aa4bf976-7a51-4354-a3c5-3e200828f6a3000"",""12366d4b-c95f-436e-9669-3253ca49704c000""]",
"3248627","[""dcd48e5e-12ca-4656-9051-7cdf87170bea000""]",
"3251513","[""5a0f7e40-1de2-4bf2-bba8-0491492e2bf2000""]",
"32916041","[""c3ed2efa-1ab7-4f23-aa96-0b660121db82000""]",
"33403113","[""cd885b81-62df-4d8f-aa97-4391d1d8dd38000""]",
"33601866","[""127555719555904000""]",
"33761131","[""e5259ed3-8a1f-4a12-9556-bf02b0de49a0000""]",
"33788754","[""166e0370-658f-48e0-9746-a0b370f00e23000"",""e2a27275-dc0d-4b09-88a0-56fdd0f493b4000""]",
"33856401","[""f7726d5f-a4f8-4613-84ae-0ff6d71e2943000""]",
"34013009","[""a848359a-dafe-445a-955a-93b5f781221e000""]",
"34145049","[""40337b0c-ef16-4c96-8a3f-f8d1950118d1000""]",
"34159023","[""fa7cc3ba-ba58-405e-bbb0-8f77d95c046d000""]",
"34248332","[""1784c684-5d23-4296-826d-c26bbd541185000""]",
"34692290","[""8cff3315-866e-4539-be66-c25f8d952988000""]",
"34755876","[""b50970cf-c8d1-483e-ae1a-ecdaf352b548000""]",
"3501599","[""de7c6b11-351e-420a-9aea-46b995815442000""]",
"35212767","[""95d020e5-c720-11e1-913c-5cf9dd2e7135000""]",
"35409675","[""62b44cd9-fef2-4f7f-87cf-5278c749475e000""]",
"35539371","[""a0d09081-b9e3-4922-8932-ab7b972ccbd0000""]",
"35760260","[""03C8459765271784E0530F01A8C0DDC0000""]",
"36013548","[""7f4586cf-d621-47a2-9357-2132c7b0ed4c000"",""18afb35d-520a-4d28-8e3f-e08f8135b5da000""]",
"36287747","[""7c69cdd6-e298-4726-87bd-85b12f625774000""]",
"36324700","[""234b63b9-2724-47d7-bb58-0ef74ca7bd13000""]",
"36378437","[""f1664f26-cd6f-4cb9-af67-9a866d2b499c000""]",
"36473638","[""129835879153106000""]",
"36486990","[""dcfa7f1c-16ef-4717-b077-755a099a1d4d000""]",
"36882772","[""7189bc62-50f2-45cb-ae64-343c6180472c000""]",
"37011876","[""a2820702-d41b-4078-b3df-bc477eb7aca7000""]",
"3749360","[""dcd48e5e-12ca-4656-9051-7cdf87170bea000""]",
"38026143","[""144723575057779000""]",
"3818560","[""412018ab-be06-455e-818e-722309d8bad9000""]",
"38276793","[""d499eefa-a56d-44c7-b4ce-992d28e1f2b0000""]",
"38528702","[""4df5749a-834d-4a19-bfe5-8828dc43f2c1000""]",
"38702326","[""3a1e47ed-68e3-4e9d-a783-d04a3e11d574000""]",
"39323881","[""8a3e5a85-c39d-46be-9f93-381e765f9f0b000""]",
"39762597","[""9cafb26a-0d19-4e03-a0cc-373537be7aef000""]",
"39786482","[""cd885b81-62df-4d8f-aa97-4391d1d8dd38000""]",
"39788985","[""6be57660-ee41-4007-800a-368429466177000""]",
"3979722","[""405295ac-7259-4e7b-8282-68f942463eef000""]",
"39918335","[""2164b066-498f-41f9-8060-6e7b75e42db9000""]",
"39964656","[""c70a1f40-c883-4647-8335-2f5b57159b9d000""]",
"39965873","[""2c7b0662-bc6c-4e5c-b471-5f403f6079c6000""]",
"40135649","[""4f38e205-cecc-40e0-aca4-a24194d293a0000"",""15c12aaa-fed5-4cbb-aa4f-72dd3760c71c000"",""b3646c48-bc9b-4330-8647-7a91d3a6f797000""]",
"40774590","[""126812684129540000""]",
"4115259","[""c1a16851-bb87-40a1-a019-54b3482afe77000""]",
"41746067","[""a89446ef-c389-4212-9b18-1daa843864b7000"",""ecfc8e77-40c9-4264-a1cc-d80dbad8d432000""]",
"41841786","[""4849d343-297e-4edd-8556-36acdfa46c49000""]",
"42785768","[""7367362e-c437-4936-a5de-fd45a9283362000""]",
"43109563","[""cce57427-3aae-492b-87af-4d36ccc60ca2000""]",
"43354734","[""276bd28f-82d4-4cac-9ddf-64c3771e6aad000""]",
"44398950","[""fafa4581-7269-490e-9113-3406554a44d2000"",""0d855f1b-7f20-44b4-8421-5b8fb621285f000""]",
"44481105","[""3b193c1c-2c49-4f55-a094-b5d371a934e5000""]",
"45099494","[""02f58ad8-28af-4160-9c50-7002e13cbafd000""]",
"4530770","[""3383cb42-4c8f-4d96-a777-b7bd5ac92771000""]",
"4550177","[""129897465489160000""]",
"45706147","[""276bd28f-82d4-4cac-9ddf-64c3771e6aad000"",""6ca376bd-d38b-460d-b9e3-ff18c5bfc983000"",""491ffa77-b76f-4c85-8d54-0bf8bb7bd4b9000"",""1f4975dc-a4a0-4430-993e-7266a3c9d4f1000""]",
"46231609","[""dcfa7f1c-16ef-4717-b077-755a099a1d4d000"",""36970324-0028-4374-b6e0-b1d5624173cf000"",""49c67436-c471-4de3-9492-8bd474c6804f000""]",
"46287637","[""6e3e6de9-6d7e-4344-a0b4-a1623538f7b4000""]",
"46649101","[""51d4fc6e-47b6-4de8-a1f5-de563f45b1f7000""]",
"46857392","[""eb80665b-d2d5-4383-bc02-497ff2f78f25000""]",
"46921330","[""43761a16-c148-4388-99f8-ca1ee9fdc79e000""]",
"46972261","[""9b464bd2-10e8-4dd6-8b00-8c3e39e07db4000""]",
"4702607","[""9cafb26a-0d19-4e03-a0cc-373537be7aef000"",""78638dd3-c0a6-4948-8f76-3644bd21e054000""]",
"47035769","[""87abe2a1-07a7-4f34-924f-c59a2577813b000"",""9efe6d53-1201-47e2-8aee-cbdc6d2d7b47000""]",
"47579098","[""509072e1-e418-4f2e-bf30-9de1cddd0b74000""]",
"47879406","[""18afb35d-520a-4d28-8e3f-e08f8135b5da000""]",
"48717287","[""7625bf95-3a3b-4b3b-8902-c915088fd609000""]",
"4896958","[""a35208b6-812d-4809-95fc-67bd0cac9752000""]",
"49087349","[""1809b087-4ee0-4df7-a7eb-390032a09d7b000""]",
"49176450","[""bd3d20e5-708f-4daf-9842-95a0df56703c000""]",
"49215218","[""bb18278c-f4bd-41b7-8100-12f8d3349390000""]",
"4957501","[""ff4434f3-7dac-4bf6-9361-2c1eea6acd65000""]",
"49755798","[""95dbbd48-c720-11e1-913c-5cf9dd2e7135000""]",
"49770831","[""1b4ca0b5-4a33-458b-871a-2aa5ef4dc269000""]",
"500288","[""dcd48e5e-12ca-4656-9051-7cdf87170bea000""]",
"50236992","[""4daccd81-ca09-4fdb-ba3f-06aa19045e13000""]",
"5031205","[""cfcca711-d051-401a-a2ec-617451b4fadd000""]",
"503976","[""10e2e1cc-4bf1-4955-9545-8ba3bfb49baf000""]",
"50492123","[""6323745c-ca6f-46af-a0ff-436d7cbbd354000"",""f8ec9f33-4e50-472e-9559-ac77b14bf878000"",""95d823bc-226a-4d32-a7d8-a7dac72cb3f3000"",""73d6bab1-4447-4db2-a20a-23ab2fc581f1000"",""97f1eea0-265d-4ed8-b568-ada28c6a54b4000"",""d0858c20-8899-470c-a1d5-515efadc90c8000"",""577a5693-08d6-4c91-88fa-2117cf838bf6000"",""572fd7fe-415c-486d-a439-dc172013e783000"",""dcfa7f1c-16ef-4717-b077-755a099a1d4d000"",""1971b159-6582-437c-9d45-348c74f5a594000""]",
"51091866","[""4eccf2a1-d679-40d8-ae04-a54591984f4b000""]",
"51128819","[""c4a2d852-4604-4cb2-9410-bf55e2024c91000""]",
"51241696","[""43761a16-c148-4388-99f8-ca1ee9fdc79e000""]",
"51258686","[""eaadbeab-536e-4549-9cff-6e514effb3ba000"",""137237108859364000""]",
"51281327","[""2f473ed6-4910-4be8-8511-874634dcccff000""]",
"51642368","[""cf0a37c0-288a-4012-bc89-fb89e29fc0c7000""]",
"5193691","[""60c5143e-40b9-45c4-a7b8-949aeb0bb2b8000""]",
"52218943","[""46d219d7-b770-4d4f-a451-89ba5583406c000""]",
"52649791","[""2f52ff76-f0e1-4859-a8d9-5a986c69bdc1000""]",
"52653000","[""da9f3ab8-57ce-4c9d-ae85-50e9b5d49648000"",""9708f972-c720-11e1-913c-5cf9dd2e7135000""]",
"52838591","[""55e435da-6e3b-4732-81d1-649b3679e091000""]",
"53166025","[""6dfd247a-85df-48db-bd04-c985f30f991e000""]",
"5326741","[""e1455b8a-24dc-4997-83c0-fb05c2a75dac000"",""ac61d8e4-4b78-46ac-8df6-f22e22e9a19d000"",""4a4f58a3-42f5-46c8-b606-3931b4b70c19000"",""32d442c9-a457-4ada-bb86-b35f14b99cf5000""]",
"53334510","[""6c11c79b-cc5a-4810-9d9d-1d27415851c7000""]",
"54119142","[""96465525-c720-11e1-913c-5cf9dd2e7135000""]",
"54597890","[""44f55e27-a468-418d-ac23-310658c17883000""]",
"54611370","[""6c9f10f3-7010-4d56-adba-4e62a053a3eb000"",""14a869b0-9026-403f-8123-69feafe00e9a000""]",
"54633160","[""60c5143e-40b9-45c4-a7b8-949aeb0bb2b8000""]",
"54975447","[""4da45ab3-2dcb-48af-b493-f4b799705802000"",""95ead70d-c720-11e1-913c-5cf9dd2e7135000""]",
"55094767","[""5119aedb-5010-494e-a645-62efc01566be000"",""de26b20a-e589-48c2-984f-169ed1a3b31b000"",""886c4589-7579-4043-9355-6d8662c978ea000"",""8e9ba92e-d6e7-4bb7-88b6-c743dfd8086e000"",""5cad55c6-7823-4d40-8420-bfff0d9d2b4c000""]",
"55421621","[""1b709f98-253b-4f32-89a0-2629e7c62f27000""]",
"5588382","[""cce57427-3aae-492b-87af-4d36ccc60ca2000""]",
"56427919","[""55e435da-6e3b-4732-81d1-649b3679e091000""]",
"56567699","[""3e715e52-3c0b-4c2e-ae0c-2200a6a17cca000""]",
"57078129","[""d9a0ba5d-c3dc-4afe-b51f-84b95cd514c8000""]",
"57510126","[""cce57427-3aae-492b-87af-4d36ccc60ca2000""]",
"57559129","[""c3de504e-8c06-4726-a6c9-bf283da9d117000""]",
"57758098","[""1d884a25-7b97-4887-985e-d033f5999d5f000""]",
"58124731","[""5f6023bd-5777-473f-ba1a-9f00c44024e6000""]",
"5813930","[""97f1eea0-265d-4ed8-b568-ada28c6a54b4000""]",
"5840143","[""d804b838-fd43-4562-b271-63e006645f60000""]",
"5856776","[""4cc7b35b-73a3-4264-90a5-fa9e892f841c000"",""1f4975dc-a4a0-4430-993e-7266a3c9d4f1000"",""21efa851-afe8-42a9-8b22-d90f6b65f891000"",""276bd28f-82d4-4cac-9ddf-64c3771e6aad000"",""5addd1d4-81d2-4ee1-827e-a32758d24a17000""]",
"58844977","[""622b6315-14e4-48d9-86fa-c791d44cbea9000""]",
"58951968","[""3efe8b69-82f5-4b44-9390-9afc044c6ba8000"",""c296fa70-633e-4b1d-bdad-28c7b75806f7000""]",
"5924245","[""819ecccf-ab36-4940-b14c-8242fd97ab2a000""]",
"59447817","[""62a6a19b-b87f-4b43-8e0d-0625f4367d1c000""]",
"59467897","[""78638dd3-c0a6-4948-8f76-3644bd21e054000""]",
"59576702","[""e5669311-a83c-4047-a3f6-54401e481b12000""]",
"59756411","[""bee42fa1-956d-4246-9599-d704079863f8000""]",
"6031384","[""06b8b121-df5f-4c13-a54d-b10d0e1b954b000""]",
"60373967","[""45a26540-ea9f-4050-b8ab-46cd5f034360000"",""7539d7f0-517b-4a50-9587-26560f3ca508000"",""6b7f0a4e-793e-4abb-b8d1-92845f79b2cb000"",""3efe8b69-82f5-4b44-9390-9afc044c6ba8000"",""df0a7108-f386-43ee-8290-835162c440f9000""]",
"60494592","[""96add7e2-c720-11e1-913c-5cf9dd2e7135000""]",
"60508594","[""b3646c48-bc9b-4330-8647-7a91d3a6f797000""]",
"60584607","[""687361bd-3119-4443-89c9-e3fefc93cb18000""]",
"6070372","[""e1410ed4-1c9f-49b6-aab8-446eda21214e000"",""13a6319f-f989-4d35-b53f-799a155cb590000"",""a54b1480-0aa8-460f-b2b7-c5bd95fd522c000""]",
"60882401","[""aff89278-928f-4da7-ae94-9d56f68dedb1000""]",
"60984067","[""dcd48e5e-12ca-4656-9051-7cdf87170bea000""]",
"61343972","[""b4928205-2b33-4bb1-90d0-89237b620fa8000""]",
"61393342","[""57dc1b56-6213-4151-9f54-e1d8f9531c6a000"",""7f4586cf-d621-47a2-9357-2132c7b0ed4c000""]",
"61403028","[""fa11f7b1-89b8-4e4b-954c-a48da27dbf05000""]",
"6145361","[""412018ab-be06-455e-818e-722309d8bad9000"",""4f38e205-cecc-40e0-aca4-a24194d293a0000""]",
"6160281","[""d3018709-9a78-4250-9dfa-54073c7519b4000""]",
"61845260","[""94e1fabc-39f4-4ffe-b8e2-f93d93bdf927000""]",
"62314115","[""9d1e6adb-0b5d-4a01-8015-b948a1e6a2e2000"",""004843ee-7cd1-4926-86cc-a300696f9ed2000""]",
"6307175","[""0364ea16-2c47-481b-a44d-69a02910620f000""]",
"63192700","[""ca094e73-c7e0-4e2e-8eaf-1ca24eca491c000""]",
"6360069","[""1582cf36-5125-4815-a09a-8e978464a568000""]",
"64692714","[""e4593f6a-dfe5-4312-b811-f8ed4523e0a1000"",""e547badd-738f-4ea9-b069-1a098b46348c000"",""d9b3bea5-1669-433f-ab22-2575776e94c9000""]",
"65510499","[""6ac9ff06-dbd5-4dd0-9433-dd2a63a5c256000""]",
"6551753","[""234b63b9-2724-47d7-bb58-0ef74ca7bd13000""]",
"6602082","[""0c8a0a7e-85c9-4965-bb87-be08ec311597000""]",
"66274427","[""12436398-6d15-4afe-aac2-52b09261319c000""]",
"66361272","[""075ab726-0ee8-4d65-a01a-f3446dbc1a41000""]",
"67036080","[""276bd28f-82d4-4cac-9ddf-64c3771e6aad000""]",
"67088789","[""7618dd93-dc05-4120-9c61-f2f53635424c000""]",
"67244942","[""14080108-f035-4ba7-8972-4c542228bbe5000""]",
"67288108","[""969e9b61-c720-11e1-913c-5cf9dd2e7135000""]",
"67416775","[""02aa688d-e774-4f8f-926f-6e8292e8a7f8000""]",
"67535211","[""9c25341b-920b-44ee-914a-f69ffb40fc36000""]",
"67746544","[""03090656-abf7-40c9-ad73-41c064a241eb000""]",
"68023494","[""138716597312484000"",""ec76feab-231f-4e07-88df-003e1abeeed5000""]",
"68310969","[""50b8afc2-54e4-49e5-a3f9-74a4ae15fc35000""]",
"68579197","[""ed550b2a-af2a-423b-8fc6-a77f0e1c1d53000""]",
"68701405","[""a92bf6d8-933d-4a59-bfb0-323896223b68000"",""07de5a1a-f64c-4191-8abc-6202664394f9000""]",
"68765924","[""d943dad9-85a5-4c88-94c2-160752edc6b8000""]",
"68783437","[""a5c33d03-cb1f-47fc-9b99-bbdab550d93e000"",""9683037f-c720-11e1-913c-5cf9dd2e7135000"",""e172caac-e95f-4bf8-9bf5-408154d267ab000"",""879b9b4a-4f98-412a-aefb-94abfafd4551000"",""2fc4ee4d-b40c-49dd-857f-03cbb34ff9b6000"",""eaa041d5-5315-4bf7-805d-60c9ceab02df000"",""38489882-ea96-4d64-b771-1a215c437d50000"",""c4b7bfcd-bcf4-4819-85ca-2ddd649b22fe000"",""6dcaae05-9c40-4165-b7a6-0e627d16498b000""]",
"68823388","[""717ec81e-70fc-4369-8936-8520e309d6fc000"",""e6a41cd3-5ba0-4748-ac6a-6f2dd7dd54be000"",""5d0bcaac-33dc-4e51-933e-7314fd04bcca000""]",
"68836046","[""9c25341b-920b-44ee-914a-f69ffb40fc36000""]",
"68985481","[""a5db063f-c951-40f7-bac7-034d4c442477000""]",
"69729064","[""298da272-67c6-4f58-a61c-8d0fce0e8ccf000""]",
"71345415","[""efcd54dd-6541-4c19-b0a3-dd4c31c5b794000""]",
"71524876","[""32c787c6-8849-43e3-899c-d6d7088fb54c000"",""fa6d3297-4981-4380-a249-02591439d4ca000"",""08600a35-800f-4f93-aadf-104f68a7a8cc000"",""388a6956-fef0-4487-abf0-f8c778229c65000"",""962776a2-6d20-4619-84a1-531cca22ba57000"",""4a4f58a3-42f5-46c8-b606-3931b4b70c19000""]",
"71813522","[""5bef3e4c-91b8-49cc-8ec1-e75c4629665a000""]",
"71909190","[""1971b159-6582-437c-9d45-348c74f5a594000""]",
"71948484","[""6c8c61da-0f62-4657-aefd-ec30410fb494000""]",
"71978589","[""dcd48e5e-12ca-4656-9051-7cdf87170bea000""]",
"72015165","[""6d8a7164-3c07-4458-ac4d-36d8f9a261e9000""]",
"72144737","[""dcfa7f1c-16ef-4717-b077-755a099a1d4d000""]",
"72400870","[""18afb35d-520a-4d28-8e3f-e08f8135b5da000""]",
"7244384","[""44f55e27-a468-418d-ac23-310658c17883000""]",
"73244329","[""b7724403-dbf3-4223-9530-7818ad114145000""]",
"7332996","[""03e8af13-85b7-497c-bce5-aacc35166a4d000""]",
"7342287","[""78638dd3-c0a6-4948-8f76-3644bd21e054000""]",
"740053","[""7e5f530c-7821-44c8-8087-fc4e2e784ea0000""]",
"74240132","[""3506d52a-71ef-467a-a61f-ece310e42ee4000""]",
"74425448","[""7f797494-0262-4fb0-8d57-284716448841000""]",
"74771807","[""9cafb26a-0d19-4e03-a0cc-373537be7aef000"",""78638dd3-c0a6-4948-8f76-3644bd21e054000""]",
"75040916","[""60d0005a-e8ca-45a8-b909-672d28ef1294000""]",
"7509318","[""FEC007C4ECD51EF0E040A8C00F012C86000""]",
"75558423","[""6b24a14b-62cb-4434-af27-db9b42d4d58d000"",""86b82950-42ba-448a-bf32-75bb1931154c000""]",
"75592959","[""d2161d44-17a6-46a5-b442-2e07c981b035000""]",
"75828116","[""ebe785b2-54cb-4739-ae4d-73f881986706000"",""50b8afc2-54e4-49e5-a3f9-74a4ae15fc35000"",""3af1f59c-fab7-4d4a-8785-52c6bf5b2574000""]",
"76078165","[""c48a955b-011b-41f4-b0bf-63d15786ae16000""]",
"76189815","[""73d6bab1-4447-4db2-a20a-23ab2fc581f1000""]",
"76682121","[""0d3ac46f-935b-4f01-b22d-84d61f476abf000""]",
"7673859","[""c70a1f40-c883-4647-8335-2f5b57159b9d000"",""fd966e41-98fe-4faf-8c20-1d9d34ca7c8d000""]",
"77114763","[""d6f5b9dc-1e0e-4c26-8b9b-c34319165528000""]",
"77161907","[""12a6b9c0-1da9-4000-898f-ce448c739645000"",""d9cee3ba-bbff-494a-ad3a-3f8baa54ec57000"",""FA812D0896B47E42E040A8C00F010A35000"",""9658e19e-c720-11e1-913c-5cf9dd2e7135000""]",
"78059231","[""9479e4e3-fdb9-4a72-bb29-c9ef4c83879a000"",""f0346d1e-fd2a-4d4f-96b6-ab527a3f987f000""]",
"78444651","[""fde5073f-6da8-480b-a130-3ab052a503eb000"",""3a23bf0a-ebe7-4d73-8c4e-692a10575e04000""]",
"7857544","[""dc1474e9-961e-486e-b0c2-3f7f57c704e7000""]",
"78630052","[""1803a51a-bfab-4b2d-a298-e22740bbd681000""]",
"7902734","[""1aa3e821-1f6a-4422-a223-a0a4ae58fbfb000"",""1e52eeb4-d8a3-499e-816b-80f11b66736d000""]",
"7909469","[""ce50ed1b-1aeb-46d3-92dc-819b19bd3359000""]",
"79240325","[""04707b90-b8f5-4725-9169-440318320f1f000"",""6ca376bd-d38b-460d-b9e3-ff18c5bfc983000"",""276bd28f-82d4-4cac-9ddf-64c3771e6aad000"",""3417b600-b25a-4df9-8b06-2e5006487182000""]",
"79340645","[""c129ea0f-144f-486d-95d8-b32d8a5f644e000""]",
"7947688","[""6e1da231-d513-46d9-be80-42dd34ea155c000""]",
"79761935","[""9700d962-c720-11e1-913c-5cf9dd2e7135000""]",
"8008136","[""7eb367bc-59a4-4aaa-9a11-818ca53e7cf5000""]",
"80169700","[""2291ad42-0552-4f8f-9830-41043627db76000""]",
"802430","[""0ccdcb58-16bf-4bdf-ad73-e71f2aedba5b000""]",
"80423891","[""779ae02c-77e7-494b-bb5c-5fdce6eba813000""]",
"81033593","[""97f87020-0320-4bd3-bc4f-8a22d5c4354b000"",""ffe56a7b-d0c6-415d-aa4d-d06dfbb41915000""]",
"81818841","[""fc7a1580-0eb3-42b2-94be-b2875f9a090f000"",""7c69cdd6-e298-4726-87bd-85b12f625774000""]",
"81939028","[""13f207b3-ba12-494d-97c4-2e5cdafe818f000""]",
"82259705","[""dcfa7f1c-16ef-4717-b077-755a099a1d4d000""]",
"8244606","[""819ecccf-ab36-4940-b14c-8242fd97ab2a000""]",
"82541881","[""66322e8f-489f-4393-979a-c341193edb8d000""]",
"82592693","[""ce2679fe-45e4-491e-a8fc-923c3210d9bd000"",""79a5290c-88d4-408f-851f-ed9d81e57d69000""]",
"82639566","[""4a9d5b3a-5a4f-4acf-b10e-dbfc70a116c6000""]",
"82686354","[""f77484ec-1f3f-4801-aaad-75fa74f8f0e7000""]",
"8275882","[""7f3f86d1-02a7-4923-8486-a08b043cbc5c000""]",
"83366733","[""0c4a4fb6-4438-4dd4-a6c0-0d5b4a7178ff000""]",
"83584740","[""4b7b8f29-ba66-42e5-9f1b-9fa4e2e3ae8e000"",""a6bd3cda-493d-410e-9595-45cd15afbcb8000"",""9e516df2-3e97-4300-bdcc-2c17be0ab6a5000"",""7e31bebf-a03b-49f7-b5ba-ac96f5da28d3000"",""94e9730e-c720-11e1-913c-5cf9dd2e7135000"",""1aac5919-5052-4a24-af7d-57dc069fe4f7000"",""9607e12e-c720-11e1-913c-5cf9dd2e7135000"",""33d6c81d-781d-41b0-a6fb-9bc6c988b169000"",""e42ab01a-2e87-41a8-870e-fabecfeefaa9000""]",
"83588407","[""d7d080b8-50ec-489a-aac2-378a6efaa711000""]",
"83705600","[""fe70f340-5193-42f2-af33-cd006aaa542f000""]",
"83901726","[""21ac7db0-26b7-42cf-bc27-69d6492b6ead000""]",
"84255782","[""03670645-46cf-45f6-b2e3-10455e779780000""]",
"84458143","[""3790902b-cc43-4b8b-a180-af14c1c57c27000""]",
"84505088","[""743b62a6-11eb-440f-9726-6b47cb226ced000""]",
"85005280","[""FEC007C4F2381EF0E040A8C00F012C86000""]",
"8522607","[""abbfc278-2ee1-4887-ac1f-67ed617cd7a9000"",""c6e9de44-715e-40c2-8228-b19590b5a16c000""]",
"85231441","[""afb026d0-a7cc-4e00-b339-3c888fd7ca40000""]",
"85238772","[""d251f158-a46f-4caa-a715-1f9dcad52770000""]",
"85362728","[""6ca376bd-d38b-460d-b9e3-ff18c5bfc983000""]",
"85435318","[""0493b529-8b23-4435-a6e9-ebf45dbc64cb000""]",
"8599044","[""70d6eb1f-dbb1-4958-b25c-9ba184ec822f000""]",
"86017042","[""95418c4e-c720-11e1-913c-5cf9dd2e7135000""]",
"86102138","[""9654296d-c720-11e1-913c-5cf9dd2e7135000"",""95418c4e-c720-11e1-913c-5cf9dd2e7135000"",""8be1cc84-d135-4d9c-9273-7b94b48f90b3000""]",
"86128280","[""4f38e205-cecc-40e0-aca4-a24194d293a0000""]",
"86487224","[""127554132589069000""]",
"86536345","[""f96d7d11-81b6-418d-8616-5d8a9d12c7e6000""]",
"86645868","[""97747d1b-c720-11e1-913c-5cf9dd2e7135000""]",
"8730612","[""afb61828-89f8-445b-9073-a64f89b2abef000""]",
"87406179","[""bd62607d-23d6-4e07-94ad-35aeb2c42e8d000""]",
"87782026","[""60c5143e-40b9-45c4-a7b8-949aeb0bb2b8000""]",
"88060151","[""d4d3200e-f84b-47a8-a222-c936ef4fa8b6000""]",
"88116969","[""95858b45-c720-11e1-913c-5cf9dd2e7135000""]",
"8844202","[""127555029851093000""]",
"88692551","[""b7724403-dbf3-4223-9530-7818ad114145000"",""26823035-37e1-42ed-a555-606a099cfab9000"",""cce3095c-859b-40de-bcfc-f756e0399f50000""]",
"88929330","[""7a9a20b4-489b-4ba2-af1a-88d0d45e39ba000""]",
"88994486","[""9607e12e-c720-11e1-913c-5cf9dd2e7135000""]",
"8913235","[""d13e7f0f-e847-430e-be2b-4f64a9959774000""]",
"89148067","[""78638dd3-c0a6-4948-8f76-3644bd21e054000""]",
"89226067","[""d0c87d30-2b51-4d19-bfbe-413d2b1b4d6c000""]",
"89362105","[""6ca376bd-d38b-460d-b9e3-ff18c5bfc983000"",""276bd28f-82d4-4cac-9ddf-64c3771e6aad000""]",
"89697889","[""234b63b9-2724-47d7-bb58-0ef74ca7bd13000""]",
"90035381","[""e89056da-ab57-426a-a6e9-b511d1361b05000""]",
"90183284","[""320eb4d2-de15-463b-82e1-380bea3ccbe0000""]",
"90671781","[""5addb7be-ffa6-44c0-9802-284198e8ef53000""]",
"91045369","[""952fac8e-c720-11e1-913c-5cf9dd2e7135000""]",
"91312016","[""615aa2ca-23c9-429b-8234-923b9dd839a7000""]",
"91482239","[""21751f26-aae7-4018-b35e-a6c9964ac1c8000""]",
"93863021","[""b99d1e83-51a6-4bb3-b9fd-39fcbc132dfa000""]",
"94257420","[""2164b066-498f-41f9-8060-6e7b75e42db9000""]",
"94781861","[""1971b159-6582-437c-9d45-348c74f5a594000""]",
"95053988","[""7fea0229-bae1-49c1-8836-41771978ec9b000""]",
"95622832","[""006011a3-d02d-4697-8891-ec29719891fc000""]",
"95885539","[""4a9d5b3a-5a4f-4acf-b10e-dbfc70a116c6000""]",
"96145577","[""f950711b-3dda-4dbd-aab6-ccc3649271c0000""]",
"96244295","[""18afb35d-520a-4d28-8e3f-e08f8135b5da000""]",
"97191232","[""6bac159e-2e38-42b3-9fe0-690684936d80000""]",
"97540053","[""126708937434672000""]",
"97923964","[""aec68550-075b-4f02-bcca-242e9d1ef919000"",""d06ccceb-0fb3-4ef2-b3af-d72745fe4810000""]",
"98905016","[""52a02a43-21af-4048-a89b-dd37781bc0e4000""]",
"99981382","[""7aad70e3-b3e6-4ccf-89fa-17d6744bb77e000""]",
"99986103","[""05E6A3A59018337AE0530F01A8C015FC000""]",
